site_id,name,council,event,ea_first_year,ea_last_year,name_tokens,verdict,notes,years_listed,years_checked,site_pages,example_text
116,Blackrod H W R C,Bolton,closure,2012,2013,blackrod,unclear,name never found on the archived list pages (name may differ),,2017 2019 2020 2021 2022 2023 2024 2025,,
141,Lester Road H W R C,Salford,closure,2012,2013,lester,unclear,name never found on the archived list pages (name may differ),,2017 2019 2020 2021 2022 2023 2024 2025,,
146,Boysnope Wharf Household Waste Recycling Centre,Salford,closure,2012,2022,boysnope wharf,still open after EA records end,,2020 2021 2022 2023 2024 2025,2017 2019 2020 2021 2022 2023 2024 2025,recycleforgreatermanchester.com/recycle-centre/boysnope-wharf-recycling-centre (last ok 20251006) | recycleforgreatermanchester.com/nearly-800-fires-a-year-caused-by-electrical-appliances-new-figures-reveal/boysnope_wharf_hwrc (last ok 20230607) | recycleforgreatermanchester.com/recycle-centre/boysnope-wharf-recycling-centre/boysnope_wharf_hwrc_large_map (last ok 20230324),nce street oldham arkwright street rochdale chichester road spring vale salford boysnope wharf cobden street lumns lane stockport adswood road bredbury parkway rose hill tameside ash road bayley stree
150,Sinderland Road Household Waste Recycling Centre,Trafford,closure,2012,2022,sinderland,unclear,name never found on the archived list pages (name may differ),,2017 2019 2020 2021 2022 2023 2024 2025,recycleforgreatermanchester.com:80/what-else-can-i-do/re-use/electrical-items/sinderland-road-re-use-project (last ok 20110919),
155,Cemetery Road Household Waste Recycling Centre,Bury,closure,2012,2024,cemetery,still open after EA records end,,2020 2021 2022 2023 2024 2025,2017 2019 2020 2021 2022 2023 2024 2025,recycleforgreatermanchester.com/recycle-centre/cemetery-road-recycling-centre (last ok 20251006) | recycleforgreatermanchester.com:80/recycle-centre/cemetery-road-recycling-centre (last ok 20180117) | recycleforgreatermanchester.com/recycle-centre/cemetery-road-recycling-centre/cemetery_road_hwrc_large_map (last ok 20230323),manchester --> = 7: --> = 7: --> = 7: --> --> menu find a recycling centre bury cemetery road every street bolton salford road hurstwood court manchester cobden street longley lane reliance street old
161,Lumns Lane Household Waste Recycling Centre,Salford,closure,2012,2022,lumns,still open after EA records end,,2020 2021 2022 2023 2024 2025,2017 2019 2020 2021 2022 2023 2024 2025,recycleforgreatermanchester.com/recycle-centre/lumns-lane-recycling-centre (last ok 20251215) | recycleforgreatermanchester.com/recycle-centre/lumns-lane-recycling-centre/lumns_lane_hwrc_large_map (last ok 20230602) | recycleforgreatermanchester.com/recycle-centre/lumns-lane-recycling-centre/lumns_lane_hwrc_small_map (last ok 20230529),treet rochdale chichester road spring vale salford boysnope wharf cobden street lumns lane stockport adswood road bredbury parkway rose hill tameside ash road bayley street trafford chester road woodh
162,Chester Road Civic Amenity Site,Trafford,closure,2012,2015,chester,still open after EA records end,,2021 2022 2023 2024 2025,2017 2019 2020 2021 2022 2023 2024 2025,recycleforgreatermanchester.com/recycle-centre/chester-road-recycling-centre (last ok 20251006) | recycleforgreatermanchester.com/recycle-centre/chester-road-recycling-centre/chester_road_hwrc_large_map (last ok 20230402) | recycleforgreatermanchester.com/recycle-centre/chester-road-recycling-centre/chester_road_hwrc_small_map (last ok 20230324),dswood road bredbury parkway rose hill tameside ash road bayley street trafford chester road woodhouse lane my area bury bolton manchester oldham rochdale salford stockport tameside trafford reduce my
182,Middleton Civic Amenity Site,Rochdale,closure,2012,2020,middleton,closure unclear,,2020 2021 2022 2023,2017 2019 2020 2021 2022 2023 2024 2025,,"ight street, oldham, ol9 9lz chichester street, rochdale, ol16 2au spring vale, middleton, m24 2hr boysnope wharf, liverpool road, eccles, m30 7rh lumns lane, clifton, m27 8ln bredbury parkway, bredbu"
185,Adswood Road Household Waste Recycling Centre,Stockport,closure,2012,2019,adswood,still open after EA records end,,2021 2022 2023 2024 2025,2017 2019 2020 2021 2022 2023 2024 2025,recycleforgreatermanchester.com/recycle-centre/adswood-road-recycling-centre (last ok 20250915) | recycleforgreatermanchester.com:80/recycle-centre/adswood-road-recycling-centre (last ok 20180125) | recycleforgreatermanchester.com/recycle-centre/adswood-road-recycling-centre/adswood_hwrc_large_map (last ok 20230607),ster road spring vale salford boysnope wharf cobden street lumns lane stockport adswood road bredbury parkway rose hill tameside ash road bayley street trafford chester road woodhouse lane my area bur
187,Sandfold Lane Civic Amenity Site,Manchester,closure,2012,2019,sandfold,still open after EA records end,,2021 2022 2023 2024 2025,2017 2019 2020 2021 2022 2023 2024 2025,recycleforgreatermanchester.com/recycle-centre/sandfold-lane-recycling-centre (last ok 20251006) | recycleforgreatermanchester.com/recycle-centre/sandfold-lane-recycling-centre/sandfold_lane_hwrc_large_map (last ok 20230402) | recycleforgreatermanchester.com/recycle-centre/sandfold-lane-recycling-centre/sandfold_lane_hwrc_small_map (last ok 20230602),"re not available at chester road recycling centre, ash road recycling centre or sandfold lane recycling centre but you can still take your mattress to these recycling centres for disposal. if you don’"
190,Ash Road Household Waste Recycling Centre,Tameside,closure,2012,2019,,unclear,name never found on the archived list pages (name may differ),,2017 2019 2020 2021 2022 2023 2024 2025,,
191,Rainford H W R C,Rochdale,closure,2012,2014,rainford,unclear,name never found on the archived list pages (name may differ),,2017 2019 2020 2021 2022 2023 2024 2025,,
208,"Bredbury Parkway H W R C, T L S, I V C & M B T Facility",Stockport,closure,2012,2014,bredbury parkway,still open after EA records end,,2017 2019 2020 2021 2022 2023 2024 2025,2017 2019 2020 2021 2022 2023 2024 2025,recycleforgreatermanchester.com/recycle-centre/bredbury-parkway-recycling-centre (last ok 20251006) | recycleforgreatermanchester.com:80/recycle-centre/bredbury-parkway-recycling-centre (last ok 20171109) | recycleforgreatermanchester.com/recycle-centre/bredbury-parkway-recycling-centre/bredbury_hwrc_large_map (last ok 20230605),ing vale salford boysnope wharf cobden street lumns lane stockport adswood road bredbury parkway rose hill tameside ash road bayley street trafford chester road woodhouse lane my area bury bolton manc
212,Rosehill Household Waste Recycling Centre,Stockport,closure,2012,2019,rosehill,unclear,name never found on the archived list pages (name may differ),,2017 2019 2020 2021 2022 2023 2024 2025,,
695,Salford Road Household Waste Recycling Centre and Transfer Loading Station,Bolton,opening,2013,2025,salford loading,unclear,name never found on the archived list pages (name may differ),,2017 2019 2020 2021 2022 2023 2024 2025,recycleforgreatermanchester.com/recycle-centre/salford-road-recycling-centre (last ok 20251214) | recycleforgreatermanchester.com:80/recycle/in-your-area/salford (last ok 20150707) | recycleforgreatermanchester.com/recycling-in-your-area/salford (last ok 20251214),
753,Chester Road Civic Amenity Site,Trafford,closure and opening,2017,2022,chester,still open after EA records end; opening unclear,,2021 2022 2023 2024 2025,2017 2019 2020 2021 2022 2023 2024 2025,recycleforgreatermanchester.com/recycle-centre/chester-road-recycling-centre (last ok 20251006) | recycleforgreatermanchester.com/recycle-centre/chester-road-recycling-centre/chester_road_hwrc_large_map (last ok 20230402) | recycleforgreatermanchester.com/recycle-centre/chester-road-recycling-centre/chester_road_hwrc_small_map (last ok 20230324),dswood road bredbury parkway rose hill tameside ash road bayley street trafford chester road woodhouse lane my area bury bolton manchester oldham rochdale salford stockport tameside trafford reduce my
767,"Bredbury Parkway H W R C, T L S, I V C And M B T Facility",Stockport,closure and opening,2019,2021,bredbury parkway,still open after EA records end; existed before EA records start,,2017 2019 2020 2021 2022 2023 2024 2025,2017 2019 2020 2021 2022 2023 2024 2025,recycleforgreatermanchester.com/recycle-centre/bredbury-parkway-recycling-centre (last ok 20251006) | recycleforgreatermanchester.com:80/recycle-centre/bredbury-parkway-recycling-centre (last ok 20171109) | recycleforgreatermanchester.com/recycle-centre/bredbury-parkway-recycling-centre/bredbury_hwrc_large_map (last ok 20230605),ing vale salford boysnope wharf cobden street lumns lane stockport adswood road bredbury parkway rose hill tameside ash road bayley street trafford chester road woodhouse lane my area bury bolton manc
