site_id,name,event,ea_first_year,ea_last_year,district,council,domains
5,Trevenson Road Transfer Station,closure,2012,2017,Cornwall,Cornwall,cornwall.gov.uk
16,Prince Rock Depot Waste Transfer Station,closure,2012,2019,Plymouth,Plymouth,plymouth.gov.uk
18,Deep Moor Landfill,closure,2012,2017,Torridge,Devon,devon.gov.uk
21,Crowndale Transfer Station & Civic Amenity Site,closure,2012,2018,West Devon,Devon,devon.gov.uk
25,Lyndown Civic Amenity Site,closure,2012,2014,North Devon,Devon,devon.gov.uk
36,Clay Flats Workington C A,closure,2012,2018,Cumberland,Cumberland,cumberland.gov.uk;cumbria.gov.uk
41,Woods Farm Civic Amenity Site,closure,2012,2013,East Devon,Devon,devon.gov.uk
62,Ambleside C A,closure,2012,2018,Sefton,Sefton,merseysidewda.gov.uk;sefton.gov.uk
65,Middlezoy Community Recycling Site,closure,2012,2014,Somerset,Somerset,somerset.gov.uk
79,Bridport B H W S,closure,2012,2015,Dorset,Dorset,dorsetcouncil.gov.uk;dorsetforyou.gov.uk
97,Coder Road Transfer Station,closure,2012,2014,Shropshire,Shropshire,shropshire.gov.uk
99,"Rotherwas Household Waste Site, Transfer Station & M R F",closure,2012,2018,"Herefordshire, County of","Herefordshire, County of",herefordshire.gov.uk
102,Orrell Yard,closure,2012,2012,Wigan,Wigan,wigan.gov.uk
103,Farington Temporary H W R C,closure,2012,2012,South Ribble,Lancashire,lancashire.gov.uk
110,Tenbury Household Waste Site,closure,2012,2017,Malvern Hills,Worcestershire,worcestershire.gov.uk
115,Kirkless Recycling Centre,closure,2012,2016,Wigan,Wigan,wigan.gov.uk
116,Blackrod H W R C,closure,2012,2013,Bolton,Bolton,recycleforgreatermanchester.com;bolton.gov.uk
117,Dimmer Household Waste Recycling Centre,closure,2012,2018,Somerset,Somerset,somerset.gov.uk
127,Ketley Civic Amenity Site,closure,2012,2016,Telford and Wrekin,Telford and Wrekin,telford.gov.uk
132,Chanters Civic Amenity Site,closure,2012,2015,Westmorland and Furness,Westmorland and Furness,westmorlandandfurness.gov.uk;cumbria.gov.uk
135,Coleford Community Recycling Site,closure,2012,2014,Somerset,Somerset,somerset.gov.uk
136,Middlewich Household Waste Site,closure,2012,2024,Cheshire East,Cheshire East,cheshireeast.gov.uk
138,Roman Road Transfer Station,closure,2012,2015,Blackburn with Darwen,Blackburn with Darwen,blackburn.gov.uk
141,Lester Road H W R C,closure,2012,2013,Salford,Salford,recycleforgreatermanchester.com;salford.gov.uk
146,Boysnope Wharf Household Waste Recycling Centre,closure,2012,2022,Salford,Salford,recycleforgreatermanchester.com;salford.gov.uk
148,Heys Lane  H W D C,closure,2012,2012,Hyndburn,Lancashire,lancashire.gov.uk
149,Newport Civic Amenity Site,closure,2012,2012,Telford and Wrekin,Telford and Wrekin,telford.gov.uk
150,Sinderland Road Household Waste Recycling Centre,closure,2012,2022,Trafford,Trafford,recycleforgreatermanchester.com;trafford.gov.uk
151,Barnsley Lane H W R C,closure,2012,2012,Shropshire,Shropshire,shropshire.gov.uk
155,Cemetery Road Household Waste Recycling Centre,closure,2012,2024,Bury,Bury,recycleforgreatermanchester.com;bury.gov.uk
157,Arclid Household Waste Recycling Centre,closure,2012,2017,Cheshire East,Cheshire East,cheshireeast.gov.uk
161,Lumns Lane Household Waste Recycling Centre,closure,2012,2022,Salford,Salford,recycleforgreatermanchester.com;salford.gov.uk
162,Chester Road Civic Amenity Site,closure,2012,2015,Trafford,Trafford,recycleforgreatermanchester.com;trafford.gov.uk
171,Rakehead Lane Civic Amenity Site,closure,2012,2012,Rossendale,Lancashire,lancashire.gov.uk
173,Congleton Household Waste Site,closure,2012,2021,Cheshire East,Cheshire East,cheshireeast.gov.uk
181,Pendle T S,closure,2012,2012,Pendle,Lancashire,lancashire.gov.uk
182,Middleton Civic Amenity Site,closure,2012,2020,Rochdale,Rochdale,recycleforgreatermanchester.com;rochdale.gov.uk
185,Adswood Road Household Waste Recycling Centre,closure,2012,2019,Stockport,Stockport,recycleforgreatermanchester.com;stockport.gov.uk
187,Sandfold Lane Civic Amenity Site,closure,2012,2019,Manchester,Manchester,recycleforgreatermanchester.com;manchester.gov.uk
189,All Seasons Ind Est,closure,2012,2016,Dorset,Dorset,dorsetcouncil.gov.uk;dorsetforyou.gov.uk
190,Ash Road Household Waste Recycling Centre,closure,2012,2019,Tameside,Tameside,recycleforgreatermanchester.com;tameside.gov.uk
191,Rainford H W R C,closure,2012,2014,Rochdale,Rochdale,recycleforgreatermanchester.com;rochdale.gov.uk
201,Bollington Household Waste Site,closure,2012,2024,Cheshire East,Cheshire East,cheshireeast.gov.uk
208,"Bredbury Parkway H W R C, T L S, I V C & M B T Facility",closure,2012,2014,Stockport,Stockport,recycleforgreatermanchester.com;stockport.gov.uk
209,Poynton Civic Amenity Site,closure,2012,2024,Cheshire East,Cheshire East,cheshireeast.gov.uk
212,Rosehill Household Waste Recycling Centre,closure,2012,2019,Stockport,Stockport,recycleforgreatermanchester.com;stockport.gov.uk
224,Nuffield Waste Transfer Station & Civic Amenity Site,closure,2012,2018,"Bournemouth, Christchurch and Poole","Bournemouth, Christchurch and Poole",bcpcouncil.gov.uk;dorsetforyou.gov.uk
231,Sugden End H W S,closure,2012,2024,Bradford,Bradford,bradford.gov.uk
241,Uttoxeter Household Waste Recycling Centre,closure,2012,2016,East Staffordshire,Staffordshire,staffordshire.gov.uk
242,Ford Hill Household Waste Site,closure,2012,2024,Bradford,Bradford,bradford.gov.uk
248,Golden Butts Household Waste Recycling Centre,closure,2012,2024,Bradford,Bradford,bradford.gov.uk
252,Brooms Dene Household Waste Disposal Compound,closure,2012,2013,County Durham,County Durham,durham.gov.uk
253,Fitzwilliam H W R C,closure,2012,2015,Kirklees,Kirklees,kirklees.gov.uk
254,Cragwood Household Waste Disposal Compound,closure,2012,2013,County Durham,County Durham,durham.gov.uk
258,"Ranmore Road C A , Dorking",closure,2012,2012,Wiltshire,Wiltshire,wiltshire.gov.uk
269,Everleigh Household Recycling Centre,closure,2012,2018,Wiltshire,Wiltshire,wiltshire.gov.uk
275,Todhills C A Site,closure,2012,2013,County Durham,County Durham,durham.gov.uk
278,Thorney Down Waste Transfer Station,closure,2012,2013,Wiltshire,Wiltshire,wiltshire.gov.uk
280,Shildon Transfer Station & Recycling Facility,closure,2012,2016,County Durham,County Durham,durham.gov.uk
282,Catterick Bridge H W R C,closure,2012,2018,North Yorkshire,North Yorkshire,northyorks.gov.uk
286,Nab Lane H W S,closure,2012,2018,Kirklees,Kirklees,kirklees.gov.uk
292,Shawcross Household Waste Site,closure,2012,2015,Wakefield,Wakefield,wakefield.gov.uk
298,Grendon Household Waste Recycling Centre,closure,2012,2013,North Warwickshire,Warwickshire,warwickshire.gov.uk
311,Stanley Road H W S S,closure,2012,2013,Leeds,Leeds,leeds.gov.uk
312,Denby Dale Road Transfer Loading Station,closure,2012,2016,Wakefield,Wakefield,wakefield.gov.uk
313,Stanford Waste Recycling And Reception Centre,closure,2012,2018,Vale of White Horse,Oxfordshire,oxfordshire.gov.uk
328,Chesterfield Household Waste Recycling Centre,closure,2012,2012,Chesterfield,Derbyshire,derbyshire.gov.uk
329,Welbeck Household Waste Site,closure,2012,2017,Wakefield,Wakefield,wakefield.gov.uk
330,Lount Recycling And Household Waste Site,closure,2012,2018,North West Leicestershire,Leicestershire,leicestershire.gov.uk
337,Beach Street Waste Reception Site,closure,2012,2022,Sunderland,Sunderland,sunderland.gov.uk
341,Cinder Lane Household Waste Site,closure,2012,2015,Wakefield,Wakefield,wakefield.gov.uk
344,South Kirkby Household Waste Recycling Centre,closure,2012,2015,Wakefield,Wakefield,wakefield.gov.uk
348,Kirkby Household Waste Recycling Centre,closure,2012,2019,Hinckley and Bosworth,Leicestershire,leicestershire.gov.uk
353,Former Coal Stocking Yard,closure,2012,2018,Erewash,Derbyshire,derbyshire.gov.uk
354,Eastleigh H W R C,closure,2012,2016,Eastleigh,Hampshire,hants.gov.uk
359,Isle Of Wight Waste Recovery Park,closure,2012,2016,Isle of Wight,Isle of Wight,iow.gov.uk
363,H W R C  At Garnier Road,closure,2012,2012,Winchester,Hampshire,hants.gov.uk
366,Ferrybridge Household Waste Site,closure,2012,2015,Wakefield,Wakefield,wakefield.gov.uk
368,Winchester H W R C,closure,2012,2018,Winchester,Hampshire,hants.gov.uk
394,Beckfield Lane Household Amenity Site,closure,2012,2012,York,York,york.gov.uk
395,Worksop Waste Transfer Station,closure,2012,2012,Bassetlaw,Nottinghamshire,nottinghamshire.gov.uk
398,Warrenby Waste Transfer Station,closure,2012,2014,Redcar and Cleveland,Redcar and Cleveland,redcar-cleveland.gov.uk
401,Paices Hill Civic Amenity Site,closure,2012,2013,West Berkshire,West Berkshire,westberks.gov.uk
404,Calverton Household Waste Recycling Centre,closure,2012,2014,Gedling,Nottinghamshire,nottinghamshire.gov.uk
406,Bridge Road C A Site,closure,2012,2015,Leicester,Leicester,leicester.gov.uk
419,Waterlooville H W R C,closure,2012,2013,Havant,Hampshire,hants.gov.uk
425,Fiskerton Household Waste Recycling Centre,closure,2012,2015,Newark and Sherwood,Nottinghamshire,nottinghamshire.gov.uk
428,Langar Household Waste Recycling Centre,closure,2012,2015,Rushcliffe,Nottinghamshire,nottinghamshire.gov.uk
435,Worksop Civic Amenity Site,closure,2012,2018,Bassetlaw,Nottinghamshire,nottinghamshire.gov.uk
436,Hambrook Mobile Civic Amenity Site,closure,2012,2016,Chichester,West Sussex,westsussex.gov.uk
443,Somerby C A Site,closure,2012,2021,Melton,Leicestershire,leicestershire.gov.uk
447,Gainsborough Household Waste Recycling Centre,closure,2012,2015,West Lindsey,Lincolnshire,lincolnshire.gov.uk
451,Market Weighton Household Waste Disposal Site,closure,2012,2018,East Riding of Yorkshire,East Riding of Yorkshire,eastriding.gov.uk
465,Whisby Civic Amenity Site,closure,2012,2016,North Kesteven,Lincolnshire,lincolnshire.gov.uk
466,Wollaston Household Recycling Centre,closure,2012,2017,North Northamptonshire,North Northamptonshire,northnorthants.gov.uk;northamptonshire.gov.uk
468,Wharton Skips Transfer Site,closure,2012,2013,North Yorkshire,North Yorkshire,northyorks.gov.uk
483,Leadenham Landfill & Household Waste Site - EPR/XP3798NK,closure,2012,2021,North Kesteven,Lincolnshire,lincolnshire.gov.uk
484,"Chalvey Ca, Chalvey, Sl1",closure,2012,2015,Slough,Slough,slough.gov.uk
490,Dunstable Tidy Tip,closure,2012,2018,Central Bedfordshire,Central Bedfordshire,centralbedfordshire.gov.uk
494,Lyne Lane Civic Amenity Site,closure,2012,2018,Runnymede,Surrey,surreycc.gov.uk
510,Hemel Hempstead H W R C,closure,2012,2015,Dacorum,Hertfordshire,hertfordshire.gov.uk
511,Sleaford Household Waste Recycling Centre,closure,2012,2014,North Kesteven,Lincolnshire,lincolnshire.gov.uk
512,Billingshurst Household Waste Recycling Site,closure,2012,2018,Horsham,West Sussex,westsussex.gov.uk
515,Bourne Waste Transfer Station & Civic Amenity Site,closure,2012,2015,South Kesteven,Lincolnshire,lincolnshire.gov.uk
518,"Victoria Road, South Ruislip",closure,2012,2014,Hillingdon,Hillingdon,hillingdon.gov.uk
520,Southall Waste & Recycling Centre,closure,2012,2012,Ealing,Ealing,ealing.gov.uk
524,Worthing H W R C,closure,2012,2012,Worthing,West Sussex,westsussex.gov.uk
528,Staithes Road Household Waste Disposal Site,closure,2012,2022,East Riding of Yorkshire,East Riding of Yorkshire,eastriding.gov.uk
535,Acton Waste & Recycling Centre,closure,2012,2021,Ealing,Ealing,ealing.gov.uk
538,Dogsthorpe Household Recycling Centre,closure,2012,2019,Peterborough,Peterborough,peterborough.gov.uk
544,Kirkby On Bain Civic Amenity Site,closure,2012,2022,East Lindsey,Lincolnshire,lincolnshire.gov.uk
547,Kimpton Park Way H R R C,closure,2012,2018,Sutton,Sutton,sutton.gov.uk
551,Cole Green H W R C,closure,2012,2015,Welwyn Hatfield,Hertfordshire,hertfordshire.gov.uk
553,Earlswood C A,closure,2012,2013,Reigate and Banstead,Surrey,surreycc.gov.uk
554,Hove H W S & Transfer Station,closure,2012,2023,Brighton and Hove,Brighton and Hove,brighton-hove.gov.uk
556,Endeavour Way Transfer Station,closure,2012,2013,Sutton,Sutton,sutton.gov.uk
557,Hornsey Road Civic Amenity Site,closure,2012,2014,Haringey,Haringey,haringey.gov.uk
558,Hornsey Street Re-use & Recycling Centre,closure,2012,2015,Islington,Islington,islington.gov.uk
567,Boston Hwrc/transfer Station/mrf,closure,2012,2018,Boston,Lincolnshire,lincolnshire.gov.uk
569,Park View Re- Use & Recycling Centre,closure,2012,2017,Haringey,Haringey,haringey.gov.uk
575,Buntingford H W R C,closure,2012,2021,East Hertfordshire,Hertfordshire,hertfordshire.gov.uk
583,Chigwell Road Re-use & Recycling Centre,closure,2012,2015,Redbridge,Redbridge,redbridge.gov.uk
587,Forest Row Civic Amenity Site,closure,2012,2018,Wealden,East Sussex,eastsussex.gov.uk
588,Jenkins Lane Waste Management Facility,closure,2012,2015,Newham,Newham,newham.gov.uk
594,Ringmer Depot,closure,2012,2017,Lewes,East Sussex,eastsussex.gov.uk
597,Foots Cray Reuse & Recycling Centre,closure,2012,2020,Bexley,Bexley,bexley.gov.uk
604,Thames Road Depot,closure,2012,2020,Bexley,Bexley,bexley.gov.uk
606,Dartford Heath,closure,2012,2018,Dartford,Kent,kent.gov.uk
610,"Mill Lane Civic Amenity Site, High Ongar",closure,2012,2012,Epping Forest,Essex,essex.gov.uk
614,North Farm Transfer Station,closure,2012,2015,Tunbridge Wells,Kent,kent.gov.uk
615,Wadhurst Household Waste Recycling Site,closure,2012,2018,Wealden,East Sussex,eastsussex.gov.uk
617,Kings Lynn Household Waste Recycling Centre,closure,2012,2012,King's Lynn and West Norfolk,Norfolk,norfolk.gov.uk
623,Haverhill Household Waste Recycling Centre,closure,2012,2024,West Suffolk,Suffolk,suffolk.gov.uk
634,Pebsham ( Hastings) H W S,closure,2012,2012,Rother,East Sussex,eastsussex.gov.uk
637,Docking H W R C,closure,2012,2018,King's Lynn and West Norfolk,Norfolk,norfolk.gov.uk
643,Anti Waste Ltd - Thetford C A Site,closure,2012,2014,Breckland,Norfolk,norfolk.gov.uk
647,Bury St Endmunds Household Waste Recycling Centre,closure,2012,2019,West Suffolk,Suffolk,suffolk.gov.uk
667,Bramford Civic Amenity Site,closure,2012,2012,Mid Suffolk,Suffolk,suffolk.gov.uk
668,Martins Farm Civic Amenity Site,closure,2012,2012,Tendring,Essex,essex.gov.uk
675,Ketteringham Recycling Centre,closure,2012,2021,South Norfolk,Norfolk,norfolk.gov.uk
677,Penninsula Community Recycling Centre,closure,2012,2012,Babergh,Suffolk,suffolk.gov.uk
680,Hawkinge Transfer Station,closure,2012,2013,Dover,Kent,kent.gov.uk
682,Mayton Wood Civic Amenity Site,closure,2012,2024,Broadland,Norfolk,norfolk.gov.uk
686,Bergh Apton C A Site,closure,2012,2012,South Norfolk,Norfolk,norfolk.gov.uk
693,Sole Bay Recycling Centre,closure,2012,2013,East Suffolk,Suffolk,suffolk.gov.uk
695,Salford Road Household Waste Recycling Centre and Transfer Loading Station,opening,2013,2025,Bolton,Bolton,recycleforgreatermanchester.com;bolton.gov.uk
696,Lichfield  Household Waste Recycling Centre,opening,2013,2025,Lichfield,Staffordshire,staffordshire.gov.uk
697,Lower House Farm H W R C,opening,2013,2025,North Warwickshire,Warwickshire,warwickshire.gov.uk
698,Calder Vale Road Household Waste Recycling Centre,closure and opening,2013,2015,Wakefield,Wakefield,wakefield.gov.uk
699,Waterlooville H W R C,opening,2013,2025,Winchester,Hampshire,hants.gov.uk
700,Humberside Excavations Ltd,opening,2013,2025,East Riding of Yorkshire,East Riding of Yorkshire,eastriding.gov.uk
701,Powerday H W R C,opening,2013,2025,Hillingdon,Hillingdon,hillingdon.gov.uk
702,Bourne C A & W T S,opening,2013,2025,South Kesteven,Lincolnshire,lincolnshire.gov.uk
703,Waterdale H W R C,opening,2013,2025,Three Rivers,Hertfordshire,hertfordshire.gov.uk
704,"Ranmore Road C A , Dorking",opening,2013,2025,Mole Valley,Surrey,surreycc.gov.uk
705,Worthing Household Waste Recycling Site,opening,2013,2025,Worthing,West Sussex,westsussex.gov.uk
706,Regis Road Recycling Centre,opening,2013,2025,Camden,Camden,camden.gov.uk
707,Kings Lynn Household Waste Recycling Centre,opening,2013,2025,King's Lynn and West Norfolk,Norfolk,norfolk.gov.uk
708,Blackborough End Recycling Centre,closure and opening,2013,2016,King's Lynn and West Norfolk,Norfolk,norfolk.gov.uk
709,Bergh Apton Recycling Centre,closure and opening,2013,2013,North Norfolk,Norfolk,norfolk.gov.uk
710,Sidmouth Recycling Centre,opening,2014,2025,East Devon,Devon,devon.gov.uk
711,Cromer Road Materials Recycling Facility,opening,2014,2025,Stoke-on-Trent,Stoke-on-Trent,stoke.gov.uk
712,Lifford Lane Waste Transfer Station And H R C,opening,2014,2025,Birmingham,Birmingham,birmingham.gov.uk
713,Perry Barr Waste Transfer Station And H R C,opening,2014,2025,Birmingham,Birmingham,birmingham.gov.uk
714,Judkins Household Waste Recycling Centre,opening,2014,2025,Nuneaton and Bedworth,Warwickshire,warwickshire.gov.uk
715,T D E Enterprises Limited,opening,2014,2025,Rotherham,Rotherham,rotherham.gov.uk
716,Dix Pit H W R C,opening,2014,2025,West Oxfordshire,Oxfordshire,oxfordshire.gov.uk
717,Sleaford Household Waste Recycling Centre,opening,2014,2025,North Kesteven,Lincolnshire,lincolnshire.gov.uk
718,Western Road H W R C,closure and opening,2014,2015,Haringey,Haringey,haringey.gov.uk
719,Northumberland Wharf Transfer Station,opening,2014,2025,Tower Hamlets,Tower Hamlets,towerhamlets.gov.uk
720,Bergh Apton H W R C,opening,2014,2025,South Norfolk,Norfolk,norfolk.gov.uk
721,Old Swan H W R C,opening,2015,2025,Liverpool,Liverpool,merseysidewda.gov.uk;liverpool.gov.uk
722,Bridport H W R C,opening,2015,2025,Dorset,Dorset,dorsetcouncil.gov.uk;dorsetforyou.gov.uk
723,Green Street Depot  Kidderminster,opening,2015,2025,Wyre Forest,Worcestershire,worcestershire.gov.uk
724,Northacre Resource Recovery Centre - EPR/LP3491EE,opening,2015,2025,Wiltshire,Wiltshire,wiltshire.gov.uk
725,Glasshoughton Household Waste Recycling Centre,opening,2015,2025,Wakefield,Wakefield,wakefield.gov.uk
726,Carcraft Recycling Centre,opening,2015,2025,Doncaster,Doncaster,doncaster.gov.uk
727,Calverton Household Waste Recycling Centre,opening,2015,2025,Gedling,Nottinghamshire,nottinghamshire.gov.uk
728,Gypsum Close Household Waste Recycling Centre,opening,2015,2025,Leicester,Leicester,leicester.gov.uk
729,Gainsborough H W R C,opening,2015,2025,West Lindsey,Lincolnshire,lincolnshire.gov.uk
730,Caulklands Quarry Landfill Site,closure and opening,2015,2018,North Yorkshire,North Yorkshire,northyorks.gov.uk
731,Cottesmore H W R C,closure and opening,2015,2018,Rutland,Rutland,rutland.gov.uk
732,"Lewisham Recycling & Waste Reception Centre, Landmann Way",closure and opening,2015,2016,Southwark,Southwark,southwark.gov.uk
733,Kington Household Recycling Centre,opening,2016,2025,"Herefordshire, County of","Herefordshire, County of",herefordshire.gov.uk
734,Tenbury Household Recycling Centre,opening,2016,2025,Malvern Hills,Worcestershire,worcestershire.gov.uk
735,Chanters Household Waste Recycling Centre,opening,2016,2025,Wigan,Wigan,wigan.gov.uk
736,Chester Road Civic Amenity Site,closure and opening,2016,2016,Shropshire,Shropshire,shropshire.gov.uk
737,Severn Waste Transfer Station,opening,2016,2025,Worcester,Worcestershire,worcestershire.gov.uk
738,Uttoxeter HWRC,opening,2016,2025,East Staffordshire,Staffordshire,staffordshire.gov.uk
739,Somerley B H W S,opening,2016,2025,New Forest,Hampshire,hants.gov.uk
740,Middlefields Waste Reception Site,opening,2016,2025,South Tyneside,South Tyneside,southtyneside.gov.uk
741,Eastleigh Household Waste Recycling Centre,opening,2016,2025,Eastleigh,Hampshire,hants.gov.uk
742,Works Depot,opening,2016,2025,Surrey Heath,Surrey,surreycc.gov.uk
743,Chalvey H W R C & Transfer Station,opening,2016,2025,Slough,Slough,slough.gov.uk
744,Hemel Hempstead H W R C,opening,2016,2025,Dacorum,Hertfordshire,hertfordshire.gov.uk
745,Bourne H W R C,opening,2016,2025,South Kesteven,Lincolnshire,lincolnshire.gov.uk
746,Burgess Hill Household Waste Recycling Site & Waste Transfer Station,closure and opening,2016,2018,Horsham,West Sussex,westsussex.gov.uk
747,Cole Green H W R C,closure and opening,2016,2023,East Hertfordshire,Hertfordshire,hertfordshire.gov.uk
748,Western Road H W R C,opening,2016,2025,Haringey,Haringey,haringey.gov.uk
749,Hornsey Street Re-use & Recycling Centre,opening,2016,2025,Islington,Islington,islington.gov.uk
750,Chigwell Road Reuse And Recycling Centre,opening,2016,2025,Redbridge,Redbridge,redbridge.gov.uk
751,Jenkins Lane Reuse And Recycling Centre,opening,2016,2025,Newham,Newham,newham.gov.uk
752,Clitheroe Household Waste Recycling Centre,opening,2017,2025,Ribble Valley,Lancashire,lancashire.gov.uk
753,Chester Road Civic Amenity Site,closure and opening,2017,2022,Trafford,Trafford,recycleforgreatermanchester.com;trafford.gov.uk
754,Hickman Avenue Waste And Recycling Depot,closure and opening,2017,2018,Wolverhampton,Wolverhampton,wolverhampton.gov.uk
755,Skibeden Quarry Landfill Site,opening,2017,2025,North Yorkshire,North Yorkshire,northyorks.gov.uk
756,"Lewisham Recycling & Waste Reception Centre, Landmann Way",opening,2017,2025,Lewisham,Lewisham,lewisham.gov.uk
757,Portsmouth M R Fand H W R C,closure and opening,2018,2018,Portsmouth,Portsmouth,portsmouth.gov.uk
758,Thorn Turn Home Waste Recycling Centre,opening,2018,2025,Central Bedfordshire,Central Bedfordshire,centralbedfordshire.gov.uk
759,Boston H W R C Site,opening,2018,2025,Boston,Lincolnshire,lincolnshire.gov.uk
760,Buntingford Depot,opening,2018,2025,East Hertfordshire,Hertfordshire,hertfordshire.gov.uk
761,Truro Household Waste Recycling Centre,opening,2019,2025,Cornwall,Cornwall,cornwall.gov.uk
762,Crowndale Transfer Station & Civic Amenity Site,opening,2019,2025,West Devon,Devon,devon.gov.uk
763,Clay Flats Workington C A,opening,2019,2025,Cumberland,Cumberland,cumberland.gov.uk;cumbria.gov.uk
764,Ambleside C A,opening,2019,2025,Westmorland and Furness,Westmorland and Furness,westmorlandandfurness.gov.uk;cumbria.gov.uk
765,"Rotherwas Household Waste Site, Transfer Station & M R F",opening,2019,2025,"Herefordshire, County of","Herefordshire, County of",herefordshire.gov.uk
766,Dimmer Household Waste Recycling Centre,opening,2019,2025,Somerset,Somerset,somerset.gov.uk
767,"Bredbury Parkway H W R C, T L S, I V C And M B T Facility",closure and opening,2019,2021,Stockport,Stockport,recycleforgreatermanchester.com;stockport.gov.uk
768,Nuffield Waste Transfer Station & Civic Amenity Site,opening,2019,2025,"Bournemouth, Christchurch and Poole","Bournemouth, Christchurch and Poole",bcpcouncil.gov.uk;dorsetforyou.gov.uk
769,Pudsey Household Waste Recycling,opening,2019,2025,Leeds,Leeds,leeds.gov.uk
770,Catterick Bridge H W R C,opening,2019,2025,North Yorkshire,North Yorkshire,northyorks.gov.uk
771,Nab Lane H W S,closure and opening,2019,2024,Kirklees,Kirklees,kirklees.gov.uk
772,Middleton Household Waste Recycling Centre,opening,2019,2025,Leeds,Leeds,leeds.gov.uk
773,Stanford Waste Recycling And Reception Centre,opening,2019,2025,Vale of White Horse,Oxfordshire,oxfordshire.gov.uk
774,Lount Recycling And Household Waste Site,opening,2019,2025,North West Leicestershire,Leicestershire,leicestershire.gov.uk
775,Former Coal Stocking Yard,opening,2019,2025,North East Derbyshire,Derbyshire,derbyshire.gov.uk
776,Winchester H W R C,opening,2019,2025,Winchester,Hampshire,hants.gov.uk
777,Worksop Civic Amenity Site,opening,2019,2025,Bassetlaw,Nottinghamshire,nottinghamshire.gov.uk
778,Oadby Recycling And Household Waste Site,closure and opening,2019,2019,South Oxfordshire,Oxfordshire,oxfordshire.gov.uk
779,Gallymoor Household Waste Recycling Centre,opening,2019,2025,East Riding of Yorkshire,East Riding of Yorkshire,eastriding.gov.uk
780,Caulklands Quarry Landfill Site,opening,2019,2025,North Yorkshire,North Yorkshire,northyorks.gov.uk
781,Cottesmore H W R C,opening,2019,2025,Rutland,Rutland,rutland.gov.uk
782,Lyne Lane Civic Amenity Site,opening,2019,2025,Runnymede,Surrey,surreycc.gov.uk
783,Billingshurst Household Waste Recycling Site,opening,2019,2025,Horsham,West Sussex,westsussex.gov.uk
784,Peterborough Household Waste Recycling Centre,opening,2019,2025,Peterborough,Peterborough,peterborough.gov.uk
785,Kimpton Park Way H R R C,opening,2019,2025,Sutton,Sutton,sutton.gov.uk
786,Dartford Heath,opening,2019,2025,Dartford,Kent,kent.gov.uk
787,Docking H W R C,opening,2019,2025,King's Lynn and West Norfolk,Norfolk,norfolk.gov.uk
788,Haverton Hill H W R C And Transfer Station,closure and opening,2020,2020,Isles of Scilly,Isles of Scilly,scilly.gov.uk
789,Blandford H W R C,opening,2020,2025,Dorset,Dorset,dorsetcouncil.gov.uk;dorsetforyou.gov.uk
790,Haverton Hill H W R C And Transfer Station,closure and opening,2021,2021,Cherwell,Oxfordshire,oxfordshire.gov.uk
791,Norwich North Recycling Centre,opening,2021,2025,Broadland,Norfolk,norfolk.gov.uk
792,Norwich South Recycling Centre,opening,2021,2025,South Norfolk,Norfolk,norfolk.gov.uk
793,Hartcliffe Household Reuse And Recycling Centre,opening,2022,2025,"Bristol, City of","Bristol, City of",bristol.gov.uk
794,Pallion HWRC,opening,2022,2025,Sunderland,Sunderland,sunderland.gov.uk
795,Haverton Hill H W R C And Transfer Station,closure and opening,2022,2023,Hartlepool,Hartlepool,hartlepool.gov.uk
796,Tattershall Household Waste Recycling Centre,opening,2022,2025,East Lindsey,Lincolnshire,lincolnshire.gov.uk
797,Kibworth Recycling And Household Waste Site,opening,2023,2025,Harborough,Leicestershire,leicestershire.gov.uk
798,Somerby C A Site,closure and opening,2023,2024,Melton,Leicestershire,leicestershire.gov.uk
799,Train Loading Bay,closure and opening,2023,2023,Hillingdon,Hillingdon,hillingdon.gov.uk
800,Preston Household Waste Recycling Centre,opening,2023,2025,East Riding of Yorkshire,East Riding of Yorkshire,eastriding.gov.uk
801,Tewin Road Household Waste Recycling Centre,opening,2023,2025,Welwyn Hatfield,Hertfordshire,hertfordshire.gov.uk
802,Allington Household Waste Recycling Centre,opening,2023,2025,Tonbridge and Malling,Kent,kent.gov.uk
803,Altham Household Waste Recycling Centre,opening,2024,2025,Hyndburn,Lancashire,lancashire.gov.uk
804,Phoenix Yard,opening,2024,2025,Basildon,Essex,essex.gov.uk
805,Bath Recycling Centre,opening,2025,2025,Bath and North East Somerset,Bath and North East Somerset,bathnes.gov.uk
