sample,outcome,term,rel_year,irr,lo,hi,p,n_obs,n_closures,n_affected_lsoas,n_comparison_lsoas,n_closures_with_reports,n_reports,model
all verified closures,flytip,after_closure,0,1.107954727769657,0.9130435825847878,1.344474351719284,0.29905135509159964,208562,76,1865,21225,76,433792,before/after
all verified closures,flytip,ev_m4,-4,1.1558544406960942,0.9528170510427708,1.4021574095622573,0.1416698168454913,208562,76,1865,21225,76,433792,event study
all verified closures,flytip,ev_m3,-3,0.9352278148619441,0.7145653816615574,1.2240322413291937,0.6257519649898597,208562,76,1865,21225,76,433792,event study
all verified closures,flytip,ev_m2,-2,0.8377443324862072,0.6314243336511882,1.111480076408424,0.21970658019150857,208562,76,1865,21225,76,433792,event study
all verified closures,flytip,ev_p0,0,0.9609405512632314,0.7507560313071929,1.2299691305233686,0.7517168300898622,208562,76,1865,21225,76,433792,event study
all verified closures,flytip,ev_p1,1,0.992463695868091,0.8663589713462015,1.1369238620402602,0.9131151265908921,208562,76,1865,21225,76,433792,event study
all verified closures,flytip,ev_p2,2,1.0654563042743403,0.8103088070580526,1.4009438456425505,0.6498528445493328,208562,76,1865,21225,76,433792,event study
all verified closures,flytip,ev_p3,3,1.0929761999612757,0.7088772411582065,1.6851958340910846,0.6873512506017523,208562,76,1865,21225,76,433792,event study
all verified closures,flytip,ev_p4,4,1.2159743211479686,0.8131194441132102,1.8184210947062271,0.34089175570966823,208562,76,1865,21225,76,433792,event study
all verified closures,flytip,closure_year,0,1.00031684459493,0.8349338878839657,1.1984587092474313,0.9972586296887285,208562,76,1865,21225,76,433792,years 1 to 4
all verified closures,flytip,years_1_to_4_after,1,1.1336695164539123,0.924920455820186,1.3895320018597412,0.22692576934065967,208562,76,1865,21225,76,433792,years 1 to 4
all verified closures,litter,after_closure,0,1.0361341758987104,0.4744532576418543,2.2627603734901482,0.9290243965483809,13926,76,1865,21225,48,24979,before/after
all verified closures,litter,ev_m4,-4,2.956465599278868,1.6879041259174938,5.17842732031251,0.0001503143085226366,13926,76,1865,21225,48,24979,event study
all verified closures,litter,ev_m3,-3,1.1951669443893298,0.6823442211155835,2.0934067890625023,0.5329978840162197,13926,76,1865,21225,48,24979,event study
all verified closures,litter,ev_m2,-2,2.757512053738314,1.7282864493772,4.399659980700655,2.087387349059e-05,13926,76,1865,21225,48,24979,event study
all verified closures,litter,ev_p0,0,1.885568966515534,0.6167691601342674,5.764507302395717,0.26596847833182413,13926,76,1865,21225,48,24979,event study
all verified closures,litter,ev_p1,1,1.2535002462626241,0.5017874514339036,3.131331528698918,0.6285943086490666,13926,76,1865,21225,48,24979,event study
all verified closures,litter,ev_p2,2,1.2685224787145708,0.5216106732659348,3.0849623320183865,0.5998718304240336,13926,76,1865,21225,48,24979,event study
all verified closures,litter,ev_p3,3,1.9457291759979836,0.5735429374212184,6.600834530980197,0.2855120832886322,13926,76,1865,21225,48,24979,event study
all verified closures,litter,ev_p4,4,1.937523569189054,0.5714760837254789,6.568949581740338,0.28833865835380923,13926,76,1865,21225,48,24979,event study
all verified closures,litter,closure_year,0,1.1449120918697995,0.4565403642681451,2.8712109611841,0.7729690538035952,13926,76,1865,21225,48,24979,years 1 to 4
all verified closures,litter,years_1_to_4_after,1,0.8102211848757156,0.3781470950024126,1.7359868080362229,0.5883058119730995,13926,76,1865,21225,48,24979,years 1 to 4
confirmed or likely closures only,flytip,after_closure,0,1.205998702741071,0.9122429797303545,1.5943481104596222,0.18847093226270029,79712,41,1002,11562,41,76092,before/after
confirmed or likely closures only,flytip,ev_m4,-4,1.2994735052044741,0.9207341996236791,1.8340052877568545,0.13617019034080324,79712,41,1002,11562,41,76092,event study
confirmed or likely closures only,flytip,ev_m3,-3,1.1168415429390446,0.6944783289540188,1.796074809005381,0.6484747648131401,79712,41,1002,11562,41,76092,event study
confirmed or likely closures only,flytip,ev_m2,-2,1.1700471034470763,0.8438379270241076,1.6223615702044425,0.3463115979598004,79712,41,1002,11562,41,76092,event study
confirmed or likely closures only,flytip,ev_p0,0,1.1160153669555328,0.7339399977083244,1.6969919927648685,0.6077107231581644,79712,41,1002,11562,41,76092,event study
confirmed or likely closures only,flytip,ev_p1,1,1.0930855857242305,0.8663536024397717,1.3791552252489747,0.4529986345123673,79712,41,1002,11562,41,76092,event study
confirmed or likely closures only,flytip,ev_p2,2,1.2950049164063908,0.8587370334635324,1.9529118556268035,0.21742745724528056,79712,41,1002,11562,41,76092,event study
confirmed or likely closures only,flytip,ev_p3,3,1.439112000427914,0.8738827059578277,2.369932870459595,0.1526267769938512,79712,41,1002,11562,41,76092,event study
confirmed or likely closures only,flytip,ev_p4,4,1.5653595044394295,0.9514928248836043,2.575269423012839,0.07769173218458958,79712,41,1002,11562,41,76092,event study
confirmed or likely closures only,flytip,closure_year,0,1.011004084130384,0.7811492492794521,1.3084941950224611,0.9337228081751368,79712,41,1002,11562,41,76092,years 1 to 4
confirmed or likely closures only,flytip,years_1_to_4_after,1,1.2381336793686621,0.9414494744024401,1.6283136266659408,0.126434466606004,79712,41,1002,11562,41,76092,years 1 to 4
confirmed or likely closures only,litter,after_closure,0,0.43467878125888343,0.19028655347543078,0.9929532036067085,0.048066632563527945,3952,41,1002,11562,23,7904,before/after
confirmed or likely closures only,litter,ev_m2,-2,2.5297618781142805,1.5534272529753081,4.11972633266401,0.00019124966649242126,3952,41,1002,11562,23,7904,event study
confirmed or likely closures only,litter,ev_p0,0,1.1473159185426953,0.49939330690255773,2.6358659572470273,0.7460703664109014,3952,41,1002,11562,23,7904,event study
confirmed or likely closures only,litter,ev_p1,1,0.8130794585990201,0.35190836448889734,1.878608958203757,0.6281772984394962,3952,41,1002,11562,23,7904,event study
confirmed or likely closures only,litter,ev_p2,2,0.7441214198395086,0.32215670957255216,1.7187805530999354,0.48896649359215294,3952,41,1002,11562,23,7904,event study
confirmed or likely closures only,litter,ev_p3,3,0.7319940366577099,0.316063724691949,1.6952760720157942,0.4665470051016496,3952,41,1002,11562,23,7904,event study
confirmed or likely closures only,litter,ev_p4,4,0.7392413512185746,0.31841666037543204,1.716234868826067,0.48200762837053635,3952,41,1002,11562,23,7904,event study
confirmed or likely closures only,litter,closure_year,0,0.6442716185296944,0.28658841692150416,1.4483694871609658,0.28745937886771045,3952,41,1002,11562,23,7904,years 1 to 4
confirmed or likely closures only,litter,years_1_to_4_after,1,0.4325392928373827,0.19113151219744462,0.9788560645875768,0.04429517228286972,3952,41,1002,11562,23,7904,years 1 to 4
jump of 3+ minutes,flytip,after_closure,0,1.229248236266523,1.0296085273234907,1.4675978163199528,0.022448064172075455,204734,76,985,21225,76,425648,before/after
jump of 3+ minutes,flytip,ev_m4,-4,1.0358966820482183,0.8195367165725425,1.3093762783031118,0.7679596549591381,204734,76,985,21225,76,425648,event study
jump of 3+ minutes,flytip,ev_m3,-3,0.8487109616251044,0.6397497732771852,1.1259250514349455,0.2553190482945471,204734,76,985,21225,76,425648,event study
jump of 3+ minutes,flytip,ev_m2,-2,0.8407468847519861,0.6429094292399461,1.099463302406096,0.2050602494353584,204734,76,985,21225,76,425648,event study
jump of 3+ minutes,flytip,ev_p0,0,0.958332199137631,0.7253650306892458,1.2661219731413005,0.7645514915449523,204734,76,985,21225,76,425648,event study
jump of 3+ minutes,flytip,ev_p1,1,1.2652521575726428,0.9452674653938575,1.6935556134635483,0.11373885823567198,204734,76,985,21225,76,425648,event study
jump of 3+ minutes,flytip,ev_p2,2,1.197048530791803,0.94175716863024,1.5215442290234593,0.1416527838724848,204734,76,985,21225,76,425648,event study
jump of 3+ minutes,flytip,ev_p3,3,1.1834963671409346,0.9029450967688759,1.551216852550575,0.22230242688438984,204734,76,985,21225,76,425648,event study
jump of 3+ minutes,flytip,ev_p4,4,1.1247422897767443,0.8593589407792283,1.472080126687397,0.3919220790947975,204734,76,985,21225,76,425648,event study
jump of 3+ minutes,flytip,closure_year,0,1.027269029868961,0.8168925698306233,1.29182428473639,0.8180012340700906,204734,76,985,21225,76,425648,years 1 to 4
jump of 3+ minutes,flytip,years_1_to_4_after,1,1.2810231864045396,1.0696367521801353,1.534184760163962,0.007109989946141093,204734,76,985,21225,76,425648,years 1 to 4
jump of 3+ minutes,litter,after_closure,0,0.3870387592164933,0.2696629279713451,0.555504615568665,2.623048951377882e-07,13706,76,985,21225,48,24585,before/after
jump of 3+ minutes,litter,ev_m4,-4,3.8142975971266915,2.689693066369087,5.409117620653457,5.839773109528323e-14,13706,76,985,21225,48,24585,event study
jump of 3+ minutes,litter,ev_m3,-3,1.927437615569336,1.359153411197148,2.7333307125642325,0.0002316604173115966,13706,76,985,21225,48,24585,event study
jump of 3+ minutes,litter,ev_m2,-2,1.2653718290571945,0.5979655952032372,2.677688948353867,0.5382721931500136,13706,76,985,21225,48,24585,event study
jump of 3+ minutes,litter,ev_p0,0,0.7608682248449017,0.4816993877790684,1.2018293364411625,0.24129334396444913,13706,76,985,21225,48,24585,event study
jump of 3+ minutes,litter,ev_p1,1,0.5024198274817843,0.2786977299831294,0.9057328276843379,0.02206171481471908,13706,76,985,21225,48,24585,event study
jump of 3+ minutes,litter,ev_p2,2,0.48929149907054686,0.27588539770007,0.8677739853523325,0.01447938561844242,13706,76,985,21225,48,24585,event study
jump of 3+ minutes,litter,ev_p3,3,1.2397439598442808,0.2969320099948588,5.176151557378367,0.7682011479060313,13706,76,985,21225,48,24585,event study
jump of 3+ minutes,litter,ev_p4,4,1.9109247567078458,0.4670280693585274,7.818873565382337,0.36766219405065104,13706,76,985,21225,48,24585,event study
jump of 3+ minutes,litter,closure_year,0,0.4406644049212819,0.2846480137608862,0.6821938266807983,0.0002376822875587159,13706,76,985,21225,48,24585,years 1 to 4
jump of 3+ minutes,litter,years_1_to_4_after,1,0.33282946475689046,0.23972328132676143,0.46209718137206146,4.997402491824232e-11,13706,76,985,21225,48,24585,years 1 to 4
