site_id,name,event_year,n_affected_lsoas,n_comparison_lsoas,reports_affected,reports_all,irr,lo,hi,note
538,Dogsthorpe Household Recycling Centre,2019,51,181,6830,17263,1.638931594038654,0.7655470685128211,3.5087284380256203,
569,Park View Re- Use & Recycling Centre,2018,69,3283,698,134390,1.096929335646567,0.3971009222313557,3.0300961293184527,
790,Haverton Hill H W R C And Transfer Station,2022,36,187,645,6136,,,,degenerate fit (no reports before or after in affected areas)
778,Oadby Recycling And Household Waste Site,2020,18,557,625,43822,1.4047974239772925,0.8452115609748905,2.334866077952126,
615,Wadhurst Household Waste Recycling Site,2019,58,170,553,3158,1.2312257741908597,0.6987614675779633,2.1694340305946325,
556,Endeavour Way Transfer Station,2016,70,2654,522,63381,0.7936738994383103,0.366317852086052,1.719594759202832,
614,North Farm Transfer Station,2016,83,194,313,2184,2.35915968373442,1.2224092402403806,4.553004206891822,
344,South Kirkby Household Waste Recycling Centre,2016,40,467,278,2320,0.6110064086711009,0.23438365406134629,1.5928108678578898,
465,Whisby Civic Amenity Site,2017,13,203,250,1535,0.439329876227473,0.1573767924785799,1.226424411797037,
337,Beach Street Waste Reception Site,2023,57,717,198,1504,1.0904814140654904,0.36691069051659825,3.240978650003323,
483,Leadenham Landfill & Household Waste Site - EPR/XP3798NK,2022,5,208,193,2675,0.6926895478534518,0.48536554313581576,0.9885720494401801,
353,Former Coal Stocking Yard,2019,5,773,171,3335,1.147872816838334,0.8275175317730777,1.5922466329060057,
754,Hickman Avenue Waste And Recycling Depot,2019,20,1151,166,25319,1.0633762502080377,0.47489787453915894,2.3810783541699485,
5,Trevenson Road Transfer Station,2018,31,279,153,923,1.3779142863776268,0.6981466591090769,2.719554345538913,
436,Hambrook Mobile Civic Amenity Site,2017,12,389,153,1410,0.44271936078028107,0.21819945801926563,0.8982626913417681,
366,Ferrybridge Household Waste Site,2016,35,505,152,1120,2.5155811401957355,0.8948317470610307,7.071886411822706,
544,Kirkby On Bain Civic Amenity Site,2023,7,95,152,2788,0.4704545454545456,0.3264151257389935,0.6780552182983698,
466,Wollaston Household Recycling Centre,2018,30,613,151,5454,0.9109211317842736,0.39677909587639726,2.091282824510569,
708,Blackborough End Recycling Centre,2017,4,159,144,523,0.3019002342486222,0.09177115353485044,0.9931634062413828,
518,"Victoria Road, South Ruislip",2016,51,2023,143,20913,2.1559705359815418,0.8435702107809686,5.510162512397484,
520,Southall Waste & Recycling Centre,2016,25,2338,141,8581,0.42476410691525085,0.2164227686457602,0.8336671213130478,
252,Brooms Dene Household Waste Disposal Compound,2016,27,808,124,1332,0.9049836882497976,0.3450550216652988,2.3735213939086717,
311,Stanley Road H W S S,2016,61,746,108,1114,0.9358443708609274,0.48651746011057334,1.8001505768632362,
736,Chester Road Civic Amenity Site,2017,8,559,95,2633,6.004426167222238,0.9115922639182592,39.5496265431844,
275,Todhills C A Site,2016,19,307,84,605,2.431764705882324,0.6559587779814056,9.015017076183671,
298,Grendon Household Waste Recycling Centre,2016,67,553,81,1331,1.6625068338123796,0.6604031604862682,4.185214635311143,
401,Paices Hill Civic Amenity Site,2016,65,306,76,1868,1.5226596961694265,0.542610777438039,4.272846479912611,
16,Prince Rock Depot Waste Transfer Station,2020,82,162,76,384,0.41280884654967775,0.18766307441698574,0.9080696579180159,
312,Denby Dale Road Transfer Loading Station,2017,78,624,74,1523,0.6865116279069775,0.210147334781515,2.24270374754686,
795,Haverton Hill H W R C And Transfer Station,2024,11,396,69,2014,,,,'years_1_to_4_after'
135,Coleford Community Recycling Site,2016,4,495,62,1115,7.105105105105155,5.075196105228378,9.94690993370387,
799,Train Loading Bay,2024,35,2041,61,151475,,,,'years_1_to_4_after'
127,Ketley Civic Amenity Site,2017,68,219,60,324,1.8567752631496068,0.6647271641138941,5.186510442130178,
406,Bridge Road C A Site,2016,48,374,57,895,1.9188628187794787,0.6091547912620744,6.044497343057454,
693,Sole Bay Recycling Centre,2016,23,113,52,157,2.9374999999999116,0.7385344576000926,11.683823498282768,
643,Anti Waste Ltd - Thetford C A Site,2016,7,144,51,341,0.4241025839821231,0.1340117551857404,1.3421434671236376,
394,Beckfield Lane Household Amenity Site,2016,35,436,50,567,1.076923076923077,0.19845833561507042,5.843862944910229,
116,Blackrod H W R C,2016,27,787,50,1983,2.615561932094828,0.2337781393390427,29.263489905281755,
647,Bury St Endmunds Household Waste Recycling Centre,2020,47,161,48,428,2.834336723722509,1.105684313821024,7.265604262468006,
115,Kirkless Recycling Centre,2017,85,868,48,3161,0.8268439839808586,0.2610805692902158,2.6186206645097863,
138,Roman Road Transfer Station,2016,4,665,46,3772,1.150002242424259,0.4520184635329338,2.925776852662717,
348,Kirkby Household Waste Recycling Centre,2020,9,495,44,3491,1.0168831168831176,0.31873447253549536,3.2442404650371444,
171,Rakehead Lane Civic Amenity Site,2016,24,744,41,1800,,,,degenerate fit (no reports before or after in affected areas)
398,Warrenby Waste Transfer Station,2016,24,327,40,716,0.07500000002443395,0.007565268912799355,0.7435294195753432,
747,Cole Green H W R C,2024,7,773,38,3834,,,,'years_1_to_4_after'
253,Fitzwilliam H W R C,2016,65,559,36,1138,0.8205128205128204,0.2912015804252173,2.311942427107799,
675,Ketteringham Recycling Centre,2022,23,237,34,598,0.7873549875726192,0.2235063237397898,2.773648038599619,
329,Welbeck Household Waste Site,2018,20,547,33,1042,0.8636363636363635,0.24469148651191805,3.048196646427716,
102,Orrell Yard,2016,58,772,24,812,1.0409494638258527,0.21322283696989688,5.081893673482599,
587,Forest Row Civic Amenity Site,2019,6,320,23,1683,3.251142965194621,1.9284448895506927,5.4810643733755615,
341,Cinder Lane Household Waste Site,2016,18,535,23,866,0.3666037387773053,0.08551764794833165,1.5715855675392278,
610,"Mill Lane Civic Amenity Site, High Ongar",2016,11,745,23,722,0.453914531048303,0.047466722506198336,4.3406915543809825,
62,Ambleside C A,2019,12,692,21,1788,0.17500000000883947,0.06560078046894968,0.4668389580759532,
65,Middlezoy Community Recycling Site,2016,3,332,21,939,2.2837837837837873,1.3481062537597541,3.868885228095141,
428,Langar Household Waste Recycling Centre,2016,10,324,20,849,1.6623376623376613,0.29793056604705703,9.275203079330158,
181,Pendle T S,2016,39,225,18,309,,,,degenerate fit (no reports before or after in affected areas)
148,Heys Lane  H W D C,2016,13,350,13,816,,,,degenerate fit (no reports before or after in affected areas)
254,Cragwood Household Waste Disposal Compound,2016,4,336,13,529,0.11691176470588177,0.013489871289548223,1.0132313669466606,
680,Hawkinge Transfer Station,2016,7,180,13,217,0.27717233269447106,0.11560990955042866,0.6645148526630753,
292,Shawcross Household Waste Site,2016,28,960,12,1773,1.3547634467769454,0.22846194979715484,8.03365286146134,
151,Barnsley Lane H W R C,2016,16,541,10,491,0.11538461538466015,0.01090013073514736,1.2214174114936394,
667,Bramford Civic Amenity Site,2016,9,195,9,262,,,,degenerate fit (no reports before or after in affected areas)
278,Thorney Down Waste Transfer Station,2016,7,364,8,221,0.4485819746608271,0.080007442153505,2.5150883789601512,
191,Rainford H W R C,2016,13,973,8,3974,,,,degenerate fit (no reports before or after in affected areas)
425,Fiskerton Household Waste Recycling Centre,2016,6,286,7,588,0.4090909090909087,0.12061777554042631,1.3874851459579038,
173,Congleton Household Waste Site,2022,20,448,4,589,,,,degenerate fit (no reports before or after in affected areas)
668,Martins Farm Civic Amenity Site,2016,12,191,3,173,0.2083333333333614,0.022254815336667563,1.9502645661713505,
468,Wharton Skips Transfer Site,2016,12,331,2,496,,,,degenerate fit (no reports before or after in affected areas)
280,Shildon Transfer Station & Recycling Facility,2017,3,352,2,963,,,,degenerate fit (no reports before or after in affected areas)
363,H W R C  At Garnier Road,2016,7,353,1,1885,,,,degenerate fit (no reports before or after in affected areas)
157,Arclid Household Waste Recycling Centre,2018,6,426,0,853,,,,"
            All variables are collinear. Maybe your model specification introdu"
269,Everleigh Household Recycling Centre,2019,4,315,0,147,,,,"
            All variables are collinear. Maybe your model specification introdu"
189,All Seasons Ind Est,2017,2,263,0,322,,,,"
            All variables are collinear. Maybe your model specification introdu"
258,"Ranmore Road C A , Dorking",2016,2,297,0,101,,,,"
            All variables are collinear. Maybe your model specification introdu"
528,Staithes Road Household Waste Disposal Site,2023,5,388,0,917,,,,"
            All variables are collinear. Maybe your model specification introdu"
557,Hornsey Road Civic Amenity Site,2016,1,3095,0,58501,,,,"
            All variables are collinear. Maybe your model specification introdu"
677,Penninsula Community Recycling Centre,2016,3,232,0,245,,,,"
            All variables are collinear. Maybe your model specification introdu"
