LAD25CD,households_2011,rent_2011,nocar_2011,households_2021,rent_2021,nocar_2021,hh_deprived_2plus_share,d_rent,d_nocar
E06000001,40434.0,0.1477,0.3529,40929,0.1758,0.2957,0.2427,2.8095,-5.7196
E06000002,57203.0,0.1662,0.3756,60265,0.2104,0.3313,0.24,4.4122,-4.4358
E06000003,59605.0,0.1247,0.2841,61638,0.1581,0.248,0.2171,3.3428,-3.6092
E06000004,79159.0,0.1312,0.2593,83756,0.1696,0.2234,0.1919,3.8407,-3.5856
E06000005,46670.0,0.1824,0.2797,48915,0.206,0.2505,0.179,2.3622,-2.9185
E06000006,53312.0,0.0978,0.2697,55951,0.1433,0.2379,0.233,4.554,-3.1864
E06000007,85140.0,0.1122,0.1927,90538,0.1521,0.1742,0.1602,3.9968,-1.8482
E06000008,57353.0,0.1568,0.3052,58767,0.2016,0.2691,0.2484,4.4843,-3.6066
E06000009,64367.0,0.2605,0.3672,64783,0.3175,0.3399,0.2666,5.6969,-2.7318
E06000010,112596.0,0.2041,0.4063,115475,0.239,0.3505,0.2472,3.4824,-5.5776
E06000011,143032.0,0.1374,0.1762,152066,0.1692,0.1578,0.1488,3.1848,-1.8378
E06000012,69707.0,0.1811,0.3082,69826,0.224,0.2692,0.2145,4.2899,-3.9007
E06000013,70684.0,0.1341,0.2068,73172,0.1716,0.1845,0.1887,3.7506,-2.2258
E06000014,83552.0,0.1793,0.261,85458,0.1999,0.2395,0.1348,2.0622,-2.1481
E06000015,102271.0,0.1681,0.2894,105651,0.2125,0.2595,0.2064,4.4408,-2.9825
E06000016,123125.0,0.2274,0.3685,127389,0.2939,0.3304,0.254,6.6476,-3.8178
E06000017,15002.0,0.1555,0.1239,16691,0.1672,0.1032,0.1039,1.1643,-2.0706
E06000018,126131.0,0.2307,0.4368,124743,0.2861,0.38,0.2398,5.5396,-5.6825
E06000019,78319.0,0.1551,0.1638,82827,0.1884,0.1444,0.1593,3.3308,-1.9333
E06000020,66608.0,0.1498,0.2064,76509,0.2117,0.1872,0.2012,6.1884,-1.9158
E06000021,107575.0,0.1435,0.3089,110400,0.2029,0.2732,0.2396,5.9371,-3.5612
E06000022,73515.0,0.1693,0.2198,79250,0.1932,0.1993,0.1374,2.3861,-2.0473
E06000023,182747.0,0.2355,0.289,191638,0.262,0.2616,0.1806,2.6569,-2.7359
E06000024,88227.0,0.1617,0.1717,94648,0.1841,0.1496,0.1501,2.2309,-2.2163
E06000025,107538.0,0.1358,0.1306,118101,0.1574,0.1235,0.1335,2.1625,-0.71
E06000026,109307.0,0.2015,0.2785,114557,0.2263,0.2491,0.2057,2.4766,-2.9384
E06000027,59010.0,0.2321,0.2553,62992,0.2662,0.2323,0.2199,3.408,-2.2931
E06000030,88360.0,0.1604,0.2157,95861,0.1932,0.1935,0.1691,3.2841,-2.2212
E06000031,74023.0,0.1914,0.2487,84533,0.2438,0.2265,0.2004,5.2434,-2.2207
E06000032,74293.0,0.2263,0.2744,78940,0.2899,0.2498,0.2225,6.3582,-2.463
E06000033,74678.0,0.2201,0.2729,78344,0.265,0.2457,0.1988,4.4841,-2.7291
E06000034,62353.0,0.1407,0.2009,66377,0.1828,0.1729,0.194,4.2076,-2.8041
E06000035,106209.0,0.1709,0.2187,111457,0.2018,0.1924,0.1906,3.0873,-2.6289
E06000036,45878.0,0.125,0.1368,50245,0.1573,0.1149,0.125,3.2286,-2.1906
E06000037,62340.0,0.1372,0.1245,66658,0.1715,0.1207,0.1242,3.4256,-0.3802
E06000038,62869.0,0.2608,0.2834,67683,0.3195,0.2838,0.1659,5.871,0.0342
E06000039,50766.0,0.2432,0.2341,52423,0.307,0.2029,0.211,6.3788,-3.126
E06000040,58349.0,0.1616,0.1334,60929,0.206,0.127,0.1124,4.4379,-0.6392
E06000041,60332.0,0.112,0.0899,69165,0.1414,0.0902,0.0936,2.9466,0.038
E06000042,98584.0,0.1731,0.1892,113103,0.2092,0.1711,0.1623,3.6043,-1.8164
E06000043,121540.0,0.2959,0.3819,121402,0.3269,0.3745,0.1913,3.1019,-0.7432
E06000044,85473.0,0.2468,0.3338,86155,0.2863,0.303,0.1938,3.9495,-3.0808
E06000045,98254.0,0.2488,0.2951,102290,0.2919,0.2739,0.2035,4.308,-2.1208
E06000046,61085.0,0.1742,0.2253,64775,0.2066,0.2076,0.1965,3.2394,-1.765
E06000047,223803.0,0.1257,0.2722,234764,0.1712,0.2413,0.2178,4.5483,-3.0887
E06000049,159441.0,0.125,0.1612,174854,0.1551,0.1451,0.1363,3.0017,-1.6171
E06000050,141442.0,0.1254,0.1859,155154,0.1572,0.167,0.1583,3.178,-1.8934
E06000051,129674.0,0.1498,0.158,139579,0.1746,0.1381,0.1519,2.4807,-1.9828
E06000052,230389.0,0.1676,0.1733,250533,0.1971,0.1502,0.1841,2.9499,-2.3175
E06000053,989.0,0.2973,0.4975,939,0.3663,0.4176,0.1348,6.9077,-7.9831
E06000054,194194.0,0.1543,0.1476,215081,0.174,0.1311,0.1361,1.967,-1.648
E06000055,63812.0,0.1584,0.2059,74949,0.191,0.1819,0.1568,3.2576,-2.4002
E06000056,104399.0,0.1208,0.1324,120754,0.1372,0.1127,0.1298,1.6391,-1.9678
E06000057,138534.0,0.1329,0.2205,146922,0.1642,0.1972,0.1752,3.1281,-2.3298
E06000058,167379.0,0.2227,0.2176,173842,0.254,0.1938,0.1767,3.1244,-2.3788
E06000059,158738.0,0.1369,0.1523,169261,0.1631,0.1367,0.151,2.6203,-1.5649
E06000060,200727.0,0.1289,0.1258,220327,0.1572,0.1148,0.1184,2.8269,-1.1087
E06000061,132635.0,0.1411,0.1936,148918,0.1844,0.1598,0.1714,4.3239,-3.3804
E06000062,155095.0,0.1514,0.1848,172639,0.1912,0.159,0.1498,3.9701,-2.5729
E06000063,121223.0,0.1132,0.23,125424,0.1408,0.2032,0.1819,2.763,-2.6752
E06000064,100819.0,0.1464,0.1954,103529,0.1708,0.1757,0.1482,2.4421,-1.9632
E06000065,256594.0,0.1678,0.1782,274385,0.1865,0.1571,0.1371,1.8689,-2.1077
E06000066,226989.0,0.1465,0.159,250120,0.1772,0.1397,0.1562,3.0721,-1.9339
E07000008,46714.0,0.2624,0.3361,52474,0.3143,0.3436,0.1326,5.1941,0.7519
E07000009,34614.0,0.1322,0.1303,37202,0.1645,0.1203,0.133,3.2306,-1.0035
E07000010,40620.0,0.1561,0.1813,44083,0.1995,0.1594,0.2097,4.3405,-2.1841
E07000011,69333.0,0.1409,0.1362,76880,0.1678,0.1306,0.1347,2.6841,-0.5577
E07000012,59960.0,0.1196,0.1096,66996,0.1401,0.1094,0.107,2.0407,-0.0195
E07000032,52596.0,0.1179,0.1922,56277,0.1463,0.1679,0.1753,2.845,-2.4279
E07000033,32801.0,0.1304,0.2336,35262,0.1717,0.1851,0.2279,4.1381,-4.8462
E07000034,46796.0,0.1242,0.2709,48058,0.1619,0.2392,0.2108,3.7689,-3.171
E07000035,30744.0,0.1256,0.1482,32283,0.144,0.1303,0.1373,1.8486,-1.7951
E07000036,48692.0,0.1287,0.2239,50336,0.1683,0.194,0.1808,3.9603,-2.9953
E07000037,38946.0,0.1343,0.196,40772,0.1605,0.1688,0.1519,2.6213,-2.7196
E07000038,43070.0,0.0739,0.1867,45987,0.1002,0.1612,0.1871,2.6299,-2.5478
E07000039,38992.0,0.1305,0.1346,45239,0.147,0.1112,0.1412,1.649,-2.3455
E07000040,59071.0,0.1361,0.1593,66788,0.1602,0.1357,0.1389,2.4039,-2.3555
E07000041,49242.0,0.2099,0.2706,52554,0.2494,0.2539,0.17,3.9499,-1.6618
E07000042,32758.0,0.1554,0.1434,35631,0.1856,0.1306,0.158,3.0156,-1.2773
E07000043,40001.0,0.1835,0.1902,43198,0.204,0.1697,0.1706,2.0494,-2.0513
E07000044,36858.0,0.1427,0.1335,39337,0.1608,0.1171,0.135,1.8133,-1.6363
E07000045,54003.0,0.1548,0.1606,59837,0.1785,0.1442,0.1563,2.3766,-1.6444
E07000046,27986.0,0.1696,0.1627,30458,0.202,0.1373,0.1792,3.2398,-2.5376
E07000047,22725.0,0.15,0.1286,24818,0.1824,0.1212,0.1551,3.2357,-0.7419
E07000061,45012.0,0.2331,0.2868,45610,0.2657,0.2652,0.2084,3.255,-2.1586
E07000062,41159.0,0.2882,0.3327,40451,0.2861,0.2916,0.2292,-0.2149,-4.1038
E07000063,42181.0,0.1448,0.2012,43688,0.169,0.1879,0.1705,2.4212,-1.3305
E07000064,40877.0,0.1405,0.1904,42102,0.1622,0.1601,0.1752,2.1684,-3.0217
E07000065,62676.0,0.1113,0.1245,68266,0.1348,0.1058,0.1326,2.3556,-1.8673
E07000066,72746.0,0.1024,0.2194,76363,0.1424,0.1873,0.1949,4.0041,-3.2155
E07000067,61043.0,0.1324,0.1616,64983,0.1507,0.1374,0.1586,1.8317,-2.4179
E07000068,30646.0,0.1126,0.1486,32343,0.1596,0.1374,0.1309,4.6992,-1.1257
E07000069,36440.0,0.1089,0.1678,37389,0.1401,0.1496,0.1936,3.1257,-1.8166
E07000070,69667.0,0.1198,0.1568,75401,0.1555,0.1487,0.132,3.5647,-0.8022
E07000071,71634.0,0.1869,0.2058,79711,0.2153,0.1824,0.1539,2.8418,-2.3371
E07000072,51991.0,0.1104,0.1532,54559,0.1493,0.1401,0.1571,3.8882,-1.3139
E07000073,34620.0,0.1085,0.2492,37856,0.1538,0.2171,0.2168,4.5354,-3.2056
E07000074,25817.0,0.0966,0.1258,27900,0.1175,0.1128,0.1566,2.0963,-1.293
E07000075,33564.0,0.0847,0.1452,35558,0.107,0.1296,0.1574,2.2275,-1.5649
E07000076,62105.0,0.162,0.2335,67452,0.1982,0.2014,0.2397,3.6167,-3.2138
E07000077,31316.0,0.1312,0.1006,36955,0.1454,0.0875,0.1121,1.4268,-1.3137
E07000078,50929.0,0.2145,0.2203,52899,0.234,0.2008,0.1315,1.9479,-1.9567
E07000079,36236.0,0.1523,0.1262,40597,0.1736,0.1099,0.1119,2.1354,-1.6291
E07000080,34167.0,0.1122,0.1436,37217,0.1352,0.1218,0.1708,2.2937,-2.1819
E07000081,50363.0,0.1738,0.2258,55406,0.213,0.202,0.1732,3.919,-2.3805
E07000082,47794.0,0.1212,0.1387,52378,0.1366,0.1187,0.1255,1.5399,-2.0027
E07000083,35126.0,0.1239,0.1359,40931,0.1427,0.1151,0.125,1.8835,-2.0843
E07000084,69315.0,0.1179,0.1523,76645,0.154,0.1447,0.1297,3.606,-0.7583
E07000085,47258.0,0.1167,0.1118,52719,0.1304,0.0969,0.1146,1.3685,-1.4957
E07000086,52177.0,0.1234,0.1328,56924,0.1394,0.1185,0.1271,1.6026,-1.4235
E07000087,46579.0,0.0997,0.1343,48639,0.1255,0.1212,0.1235,2.5814,-1.3173
E07000088,35430.0,0.1631,0.2285,35920,0.1869,0.2065,0.1833,2.3861,-2.2032
E07000089,35510.0,0.1207,0.0804,39965,0.1362,0.0785,0.0954,1.5471,-0.1957
E07000090,51311.0,0.0991,0.207,53589,0.1242,0.1806,0.1911,2.5045,-2.6435
E07000091,76839.0,0.1209,0.1332,77567,0.1434,0.1165,0.1426,2.247,-1.6629
E07000092,36344.0,0.1755,0.1662,39303,0.215,0.1634,0.1612,3.9454,-0.2873
E07000093,47626.0,0.1287,0.1349,54706,0.1475,0.1192,0.1232,1.8847,-1.575
E07000094,46865.0,0.1409,0.1431,51712,0.1759,0.1353,0.1133,3.4982,-0.7791
E07000095,37658.0,0.1115,0.1754,39850,0.1598,0.1655,0.1845,4.8271,-0.9874
E07000096,59938.0,0.1186,0.1642,63412,0.1434,0.145,0.1428,2.4823,-1.9149
E07000098,39778.0,0.1252,0.1702,42682,0.1727,0.1551,0.1498,4.7452,-1.5092
E07000099,53426.0,0.1309,0.1665,56733,0.1537,0.1548,0.134,2.2846,-1.1712
E07000102,35108.0,0.1056,0.1416,36857,0.1345,0.1248,0.1324,2.8849,-1.6733
E07000103,36681.0,0.2009,0.2215,39629,0.282,0.2242,0.1631,8.1092,0.2653
E07000105,47787.0,0.1433,0.158,53583,0.1773,0.1438,0.1626,3.3953,-1.4137
E07000106,60771.0,0.1954,0.2293,63792,0.2198,0.2083,0.1776,2.4417,-2.0905
E07000107,40081.0,0.1593,0.1917,45694,0.1811,0.1685,0.1569,2.1794,-2.3207
E07000108,48310.0,0.1709,0.2349,50552,0.1898,0.2007,0.1988,1.895,-3.4179
E07000109,40431.0,0.1614,0.2287,41724,0.1905,0.1966,0.1954,2.9176,-3.209
E07000110,63447.0,0.1459,0.1613,71208,0.1733,0.1461,0.1508,2.7396,-1.521
E07000111,47020.0,0.1075,0.1306,49014,0.1336,0.1144,0.1358,2.6045,-1.6254
E07000112,47379.0,0.222,0.2366,48337,0.2249,0.2051,0.2011,0.284,-3.15
E07000113,55585.0,0.1519,0.2012,60495,0.1835,0.1664,0.2047,3.1572,-3.4845
E07000114,59513.0,0.2378,0.2976,62200,0.2626,0.2608,0.227,2.4825,-3.6826
E07000115,48140.0,0.1011,0.1375,53571,0.125,0.1231,0.1408,2.3813,-1.4452
E07000116,47174.0,0.1695,0.1747,48224,0.1922,0.1552,0.1367,2.2708,-1.9476
E07000117,37550.0,0.1935,0.3228,39871,0.2432,0.2926,0.2482,4.9656,-3.0212
E07000118,44919.0,0.1021,0.1706,50135,0.1389,0.1464,0.1489,3.6788,-2.4104
E07000119,34885.0,0.1739,0.1907,37606,0.1923,0.1679,0.1527,1.8371,-2.2812
E07000120,34341.0,0.1816,0.2823,34790,0.231,0.2535,0.235,4.9396,-2.8888
E07000121,57822.0,0.189,0.2461,59978,0.2172,0.2273,0.1774,2.8219,-1.8867
E07000122,37348.0,0.181,0.2679,38066,0.2296,0.2327,0.2247,4.8627,-3.5215
E07000123,57567.0,0.1801,0.3098,59607,0.2237,0.2774,0.1978,4.3631,-3.2378
E07000124,24045.0,0.1363,0.13,26747,0.1497,0.1143,0.1091,1.3334,-1.5792
E07000125,29058.0,0.1413,0.2151,30561,0.1704,0.1834,0.1906,2.9077,-3.1643
E07000126,46102.0,0.0934,0.1562,48585,0.128,0.1434,0.1458,3.4516,-1.2843
E07000127,45381.0,0.1045,0.1977,48534,0.1385,0.1798,0.1741,3.3964,-1.789
E07000128,47281.0,0.1353,0.2055,50769,0.182,0.1841,0.191,4.6723,-2.139
E07000129,38686.0,0.1002,0.1303,42575,0.128,0.1143,0.1351,2.7795,-1.599
E07000130,66516.0,0.1413,0.1807,73785,0.1737,0.1558,0.1468,3.2407,-2.4873
E07000131,34898.0,0.1124,0.1183,40414,0.1346,0.0998,0.1126,2.2197,-1.8415
E07000132,45377.0,0.1136,0.1458,49445,0.1439,0.1272,0.149,3.0251,-1.8595
E07000133,21490.0,0.1421,0.1513,22599,0.1717,0.1311,0.1319,2.9621,-2.0168
E07000134,39128.0,0.1127,0.1564,44974,0.1351,0.1261,0.1531,2.2323,-3.036
E07000135,21339.0,0.0992,0.1709,22616,0.1602,0.1679,0.1626,6.0988,-0.2934
E07000136,27291.0,0.1572,0.2077,29404,0.2029,0.195,0.2054,4.5632,-1.2677
E07000137,60890.0,0.1733,0.1835,64754,0.2025,0.1669,0.2331,2.913,-1.6539
E07000138,39825.0,0.2095,0.2956,42506,0.2719,0.2838,0.2039,6.2373,-1.1803
E07000139,45972.0,0.1345,0.1303,50989,0.1601,0.1142,0.1408,2.5596,-1.6032
E07000140,37264.0,0.1265,0.146,40703,0.1706,0.1289,0.186,4.4074,-1.713
E07000141,57344.0,0.1463,0.1667,62847,0.1802,0.146,0.146,3.3907,-2.0715
E07000142,38385.0,0.1369,0.1513,42345,0.1788,0.1413,0.1661,4.1919,-1.0015
E07000143,54519.0,0.1521,0.1552,60358,0.1811,0.1329,0.1763,2.8956,-2.2324
E07000144,53336.0,0.1035,0.1145,57760,0.1228,0.1098,0.1444,1.936,-0.4683
E07000145,42079.0,0.1646,0.272,44545,0.215,0.254,0.2508,5.0378,-1.7992
E07000146,62977.0,0.1473,0.1643,67464,0.1883,0.1505,0.1925,4.0984,-1.3832
E07000147,46046.0,0.1447,0.1619,48374,0.1765,0.146,0.1795,3.1775,-1.593
E07000148,60319.0,0.217,0.3336,64457,0.2692,0.327,0.2065,5.2191,-0.666
E07000149,52809.0,0.112,0.1166,61381,0.1389,0.1049,0.1374,2.6893,-1.1673
E07000170,50931.0,0.1277,0.237,54509,0.1706,0.206,0.2251,4.2857,-3.1038
E07000171,47667.0,0.1253,0.2008,51458,0.1623,0.1717,0.1887,3.6939,-2.9134
E07000172,46820.0,0.1408,0.2157,48362,0.1728,0.1987,0.162,3.1922,-1.7048
E07000173,49349.0,0.1315,0.2147,51551,0.1589,0.1893,0.1634,2.7419,-2.5368
E07000174,44928.0,0.1361,0.252,48031,0.1887,0.2186,0.2286,5.2626,-3.336
E07000175,48773.0,0.1287,0.1865,53332,0.1617,0.1616,0.1742,3.2985,-2.4844
E07000176,45835.0,0.1327,0.1512,49883,0.1466,0.1345,0.1108,1.389,-1.6702
E07000177,56728.0,0.1623,0.1563,65893,0.1978,0.1472,0.1333,3.5507,-0.9154
E07000178,55375.0,0.2823,0.3349,55239,0.3215,0.3211,0.1562,3.9219,-1.3875
E07000179,54104.0,0.1333,0.1161,61498,0.1591,0.108,0.1043,2.5814,-0.8107
E07000180,49407.0,0.1363,0.1311,57497,0.1566,0.1224,0.1087,2.0288,-0.8638
E07000181,43241.0,0.1485,0.1194,47981,0.1786,0.115,0.1155,3.0073,-0.4459
E07000192,40664.0,0.1214,0.202,43456,0.1579,0.1692,0.206,3.6473,-3.2748
E07000193,47251.0,0.1514,0.2142,51293,0.1948,0.1849,0.167,4.3441,-2.936
E07000194,41224.0,0.0954,0.1357,45632,0.1275,0.1264,0.1519,3.2095,-0.9312
E07000195,52574.0,0.1048,0.2213,53423,0.1448,0.1942,0.1912,3.9964,-2.7064
E07000196,44458.0,0.0848,0.1322,46121,0.1057,0.1218,0.1607,2.0813,-1.0413
E07000197,55703.0,0.1294,0.1749,60047,0.1555,0.1486,0.1431,2.6114,-2.6342
E07000198,41772.0,0.0982,0.1483,42355,0.1269,0.1308,0.1651,2.8633,-1.7577
E07000199,31617.0,0.1099,0.206,32895,0.1411,0.1825,0.197,3.1205,-2.3519
E07000200,37522.0,0.1256,0.1411,40200,0.1482,0.1165,0.1405,2.2601,-2.4598
E07000202,57298.0,0.1993,0.2776,59507,0.2296,0.2481,0.2018,3.0294,-2.9492
E07000203,40306.0,0.112,0.113,44344,0.1371,0.0977,0.1373,2.5069,-1.5295
E07000207,52922.0,0.1513,0.1177,55587,0.175,0.1114,0.1002,2.3672,-0.6277
E07000208,29784.0,0.133,0.144,31321,0.1612,0.1426,0.1184,2.8145,-0.1449
E07000209,53973.0,0.1579,0.1387,55760,0.196,0.1383,0.1161,3.8125,-0.0386
E07000210,35828.0,0.1192,0.1232,37139,0.141,0.1154,0.123,2.1857,-0.7768
E07000211,55423.0,0.1294,0.138,59849,0.1568,0.1346,0.1211,2.7494,-0.3424
E07000212,32714.0,0.152,0.1471,34838,0.1909,0.1388,0.1415,3.8896,-0.822
E07000213,39512.0,0.1266,0.1483,41804,0.1791,0.1473,0.1553,5.2453,-0.1073
E07000214,33546.0,0.1214,0.0997,36008,0.1536,0.0989,0.1099,3.2189,-0.0791
E07000215,33342.0,0.11,0.118,35623,0.1328,0.1127,0.1239,2.2828,-0.5253
E07000216,49280.0,0.1132,0.119,52448,0.1469,0.112,0.1052,3.37,-0.6998
E07000217,39467.0,0.1567,0.1516,41438,0.2109,0.1472,0.1278,5.4131,-0.4385
E07000218,25812.0,0.1129,0.155,27581,0.149,0.1347,0.1782,3.6161,-2.027
E07000219,52711.0,0.1268,0.2241,56585,0.1661,0.1943,0.2035,3.9318,-2.9856
E07000220,41875.0,0.141,0.1752,47015,0.1802,0.1459,0.1357,3.9273,-2.9268
E07000221,51928.0,0.127,0.1275,59463,0.1406,0.1108,0.117,1.362,-1.675
E07000222,58679.0,0.1792,0.1849,62618,0.1902,0.166,0.1237,1.104,-1.885
E07000223,26957.0,0.1142,0.2059,27678,0.148,0.1847,0.1887,3.3733,-2.1268
E07000224,66706.0,0.1531,0.1952,72661,0.182,0.1686,0.1759,2.8935,-2.6599
E07000225,49848.0,0.1489,0.1561,54118,0.1812,0.1408,0.1325,3.2302,-1.5328
E07000226,42727.0,0.1454,0.2244,45502,0.1981,0.2059,0.1925,5.2688,-1.8481
E07000227,54923.0,0.118,0.1183,62370,0.1452,0.1124,0.1154,2.7199,-0.5899
E07000228,57409.0,0.1275,0.1359,63349,0.1533,0.1237,0.1139,2.5737,-1.2175
E07000229,47044.0,0.1935,0.2426,49538,0.2204,0.2184,0.1748,2.6878,-2.4251
E07000234,38290.0,0.088,0.1246,41264,0.1061,0.1137,0.1323,1.8109,-1.0889
E07000235,32212.0,0.1155,0.1345,34889,0.1334,0.1185,0.1396,1.7881,-1.6064
E07000236,34722.0,0.1169,0.2031,36378,0.1441,0.1762,0.1872,2.7226,-2.6905
E07000237,42042.0,0.1818,0.2243,44724,0.2123,0.2046,0.1683,3.0438,-1.9634
E07000238,49466.0,0.1095,0.1285,57356,0.1306,0.1183,0.1461,2.109,-1.0234
E07000239,42985.0,0.1317,0.1841,45320,0.1597,0.1625,0.1934,2.8057,-2.1578
E07000240,56140.0,0.1358,0.1355,58990,0.1628,0.1283,0.1043,2.697,-0.7139
E07000241,43613.0,0.1355,0.2029,46209,0.1642,0.1759,0.1521,2.8634,-2.6999
E07000242,56577.0,0.1316,0.1277,62023,0.1607,0.1241,0.1187,2.909,-0.3649
E07000243,34898.0,0.114,0.2275,36512,0.1498,0.2023,0.1864,3.5767,-2.5192
E07000244,104441.0,0.1421,0.1782,110749,0.1759,0.1586,0.1763,3.3801,-1.9639
E07000245,71178.0,0.1825,0.1586,78747,0.2239,0.149,0.1479,4.1326,-0.9656
E08000001,116371.0,0.1369,0.2831,118790,0.1799,0.2477,0.227,4.3024,-3.5406
E08000002,78113.0,0.1379,0.2392,80696,0.1766,0.2209,0.1897,3.8648,-1.8236
E08000003,204969.0,0.2838,0.4452,214730,0.3232,0.3901,0.236,3.9412,-5.5064
E08000004,89703.0,0.122,0.3116,93140,0.1771,0.2764,0.2441,5.5129,-3.5227
E08000005,87552.0,0.132,0.3136,90222,0.1829,0.2626,0.233,5.0925,-5.0993
E08000006,103556.0,0.1875,0.3687,115117,0.268,0.3319,0.2127,8.0483,-3.6779
E08000007,121979.0,0.1136,0.2196,126648,0.1436,0.1965,0.1658,3.0082,-2.3032
E08000008,94953.0,0.1324,0.2963,99527,0.1754,0.2609,0.2262,4.3007,-3.5349
E08000009,94484.0,0.127,0.2168,96269,0.1532,0.1927,0.1525,2.6138,-2.4072
E08000010,136386.0,0.1164,0.2464,143105,0.1591,0.2133,0.2064,4.2653,-3.3141
E08000011,61323.0,0.0975,0.3708,66073,0.1432,0.3121,0.2686,4.5674,-5.8713
E08000012,206515.0,0.2338,0.4614,207491,0.2606,0.4007,0.2577,2.6742,-6.0674
E08000013,75736.0,0.1021,0.2669,81013,0.1514,0.2319,0.224,4.9239,-3.4989
E08000014,117930.0,0.134,0.2848,123073,0.1825,0.2637,0.2076,4.8457,-2.1142
E08000015,140583.0,0.1584,0.2802,143252,0.1891,0.2507,0.2085,3.0667,-2.9513
E08000017,126487.0,0.1484,0.2775,133480,0.1943,0.2439,0.2155,4.5917,-3.3583
E08000018,108293.0,0.1132,0.2655,113926,0.1495,0.2299,0.2248,3.6297,-3.5686
E08000021,117153.0,0.1905,0.417,122797,0.2278,0.3661,0.2106,3.7336,-5.0858
E08000022,91295.0,0.1238,0.3162,96232,0.152,0.2781,0.1808,2.8202,-3.8033
E08000023,67167.0,0.1006,0.3846,68288,0.1322,0.3276,0.2255,3.1546,-5.6947
E08000024,119758.0,0.1215,0.3515,122177,0.1481,0.3092,0.238,2.6601,-4.2285
E08000025,410736.0,0.1787,0.3582,423455,0.226,0.3167,0.2493,4.7327,-4.1433
E08000026,128592.0,0.2061,0.3216,134140,0.2475,0.2762,0.2096,4.1364,-4.5464
E08000027,129867.0,0.0924,0.2302,137069,0.1382,0.2049,0.213,4.5746,-2.5271
E08000028,121498.0,0.129,0.3391,130246,0.1861,0.2925,0.2672,5.708,-4.6614
E08000029,86056.0,0.0988,0.1975,89482,0.1285,0.1761,0.1697,2.9677,-2.1397
E08000030,107822.0,0.1166,0.2879,112226,0.1634,0.2495,0.2478,4.6813,-3.8405
E08000031,102177.0,0.1317,0.3364,105142,0.1903,0.2849,0.2442,5.8593,-5.1509
E08000032,199296.0,0.181,0.3051,209867,0.23,0.2759,0.2263,4.9054,-2.9132
E08000033,88621.0,0.1641,0.2733,90476,0.2038,0.2451,0.1915,3.9652,-2.8173
E08000034,173525.0,0.1553,0.2644,177989,0.1907,0.2267,0.1989,3.544,-3.7638
E08000035,320596.0,0.1792,0.3206,341466,0.2179,0.2872,0.1879,3.8674,-3.3371
E08000036,140414.0,0.1141,0.2686,153075,0.1486,0.2282,0.2142,3.4576,-4.0451
E08000037,89154.0,0.1248,0.3651,88999,0.1639,0.324,0.2179,3.9083,-4.111
E08000038,100734.0,0.1276,0.2691,108053,0.1719,0.2275,0.2326,4.4228,-4.1626
E08000039,229928.0,0.1555,0.3304,231948,0.1872,0.2925,0.2063,3.1687,-3.7909
E09000001,4385.0,0.3587,0.694,4914,0.4829,0.772,0.0875,12.4183,7.8077
E09000002,69681.0,0.1769,0.3963,73902,0.2421,0.3475,0.2534,6.5157,-4.8835
E09000003,135916.0,0.2564,0.2871,148917,0.3271,0.2994,0.1743,7.0624,1.2243
E09000004,92604.0,0.114,0.2367,95300,0.153,0.2238,0.1725,3.8979,-1.2897
E09000005,110286.0,0.3009,0.43,118612,0.3602,0.4409,0.2355,5.9353,1.0944
E09000006,130862.0,0.1329,0.2348,135828,0.1742,0.2288,0.1412,4.1287,-0.5924
E09000007,97534.0,0.3223,0.611,92758,0.3559,0.6365,0.2057,3.3606,2.5438
E09000008,145010.0,0.2101,0.3346,152945,0.2579,0.3362,0.1816,4.774,0.1596
E09000009,124082.0,0.2755,0.3534,133657,0.3403,0.368,0.1981,6.487,1.4634
E09000010,119916.0,0.2217,0.3247,120923,0.2926,0.3103,0.2215,7.0902,-1.4416
E09000011,101045.0,0.198,0.4202,114051,0.255,0.4313,0.1965,5.7073,1.11
E09000012,101690.0,0.2896,0.6463,106081,0.3219,0.6489,0.2254,3.23,0.2575
E09000013,80590.0,0.3171,0.5525,81244,0.3638,0.5745,0.1754,4.6719,2.2064
E09000014,101955.0,0.3148,0.5184,105091,0.3557,0.5273,0.2283,4.0858,0.8887
E09000015,84268.0,0.2174,0.2351,89642,0.2956,0.2473,0.1674,7.8115,1.2166
E09000016,97199.0,0.1063,0.2301,101276,0.1582,0.2153,0.1818,5.1823,-1.4774
E09000017,100214.0,0.181,0.2267,109228,0.2589,0.223,0.1912,7.7849,-0.3719
E09000018,94902.0,0.234,0.316,102961,0.3087,0.3275,0.2067,7.475,1.1574
E09000019,93556.0,0.2695,0.6465,96496,0.3117,0.6688,0.2118,4.2173,2.2283
E09000020,78536.0,0.3579,0.56,66884,0.3956,0.5831,0.1714,3.7711,2.3121
E09000021,63639.0,0.2249,0.2514,65628,0.2729,0.257,0.1328,4.8024,0.5631
E09000022,130017.0,0.2933,0.5785,134688,0.3143,0.5801,0.1826,2.0982,0.1632
E09000023,116091.0,0.2431,0.4815,122393,0.272,0.4769,0.203,2.8934,-0.4556
E09000024,78757.0,0.2476,0.3256,81726,0.2906,0.3305,0.1478,4.2946,0.4873
E09000025,101519.0,0.3405,0.5206,115511,0.3851,0.5168,0.2494,4.4536,-0.3757
E09000026,99105.0,0.2286,0.2795,103714,0.3045,0.2751,0.1877,7.5837,-0.4414
E09000027,79835.0,0.2185,0.2474,80704,0.2474,0.2542,0.109,2.8997,0.6812
E09000028,120422.0,0.2366,0.5839,130820,0.2867,0.6028,0.1949,5.009,1.8873
E09000029,78174.0,0.159,0.2341,82347,0.2026,0.2281,0.1603,4.3602,-0.6045
E09000030,101257.0,0.3255,0.6301,120539,0.3816,0.6638,0.2179,5.6071,3.3779
E09000031,96861.0,0.2592,0.419,102901,0.2779,0.4212,0.2093,1.8714,0.2171
E09000032,130493.0,0.3166,0.4532,137392,0.3627,0.4786,0.1378,4.6063,2.5371
E09000033,105772.0,0.3966,0.629,94816,0.4331,0.6622,0.1944,3.6504,3.3223
W06000001,30594.0,0.1413,0.1803,30824,0.1557,0.1498,0.1823,1.4355,-3.0529
W06000002,52473.0,0.1536,0.214,51105,0.1735,0.1766,0.1703,1.9864,-3.7368
W06000003,51177.0,0.1668,0.2174,52235,0.1899,0.1852,0.1908,2.3156,-3.2202
W06000004,40546.0,0.159,0.21,42387,0.2003,0.188,0.208,4.1365,-2.2003
W06000005,63781.0,0.1055,0.1699,66911,0.1321,0.1457,0.1753,2.6599,-2.4147
W06000006,57029.0,0.1188,0.2218,57915,0.1583,0.1905,0.1934,3.9467,-3.1258
W06000008,31562.0,0.1988,0.1839,30891,0.2062,0.1573,0.1722,0.7426,-2.6516
W06000009,53122.0,0.1353,0.1788,55487,0.1643,0.152,0.1925,2.8944,-2.6798
W06000010,78829.0,0.118,0.1881,81759,0.1489,0.154,0.206,3.0875,-3.404
W06000011,103497.0,0.1474,0.2576,104962,0.1801,0.2264,0.2119,3.2631,-3.1158
W06000012,60393.0,0.1024,0.2551,62377,0.1387,0.2094,0.2537,3.6276,-4.575
W06000013,58515.0,0.1228,0.2191,62360,0.1528,0.1823,0.2176,2.9918,-3.6808
W06000014,53505.0,0.146,0.1938,57449,0.1563,0.1659,0.1668,1.0237,-2.791
W06000015,142557.0,0.219,0.2904,147333,0.2429,0.2599,0.1942,2.3885,-3.0502
W06000016,99663.0,0.1365,0.2707,103339,0.1765,0.2222,0.2496,3.9987,-4.8526
W06000018,74479.0,0.1073,0.2435,76255,0.1332,0.2033,0.2467,2.5813,-4.0232
W06000019,30416.0,0.128,0.2897,30340,0.1598,0.2297,0.2836,3.1797,-5.9986
W06000020,38524.0,0.0861,0.236,40241,0.1117,0.1963,0.2358,2.5652,-3.9664
W06000021,38233.0,0.108,0.1519,40922,0.1364,0.1294,0.1512,2.8384,-2.2449
W06000022,61172.0,0.1401,0.2791,66054,0.1668,0.2259,0.2114,2.6689,-5.3272
W06000023,58345.0,0.1481,0.1501,60182,0.1788,0.131,0.1676,3.0741,-1.9054
W06000024,24264.0,0.1158,0.2973,25783,0.1539,0.2504,0.2654,3.8093,-4.6913
