outcome,year,reference_year,irr,lo,hi,p,n_treated_sectors,n_comparison_sectors,n_records
n_council,2012,2013,1.3752049433577545,1.1512879937419798,1.6426720738125298,0.00044189721784171354,15,101,194459
n_council,2014,2013,1.1221647072876517,0.9438217302472679,1.3342070752620565,0.19180909752918796,15,101,194459
n_council,2015,2013,0.712003105851382,0.565753600429332,0.8960586770588959,0.003784751216558746,15,101,194459
n_council,2016,2013,0.8008421115996585,0.6659485459118689,0.9630595211124243,0.01827654880167029,15,101,194459
n_council,2017,2013,2.4035571692069517,1.573718660493279,3.670978308051147,4.938256888342707e-05,15,101,194459
n_council,2018,2013,2.0421672528487136,1.3625091665033378,3.0608580045816858,0.0005438684107732517,15,101,194459
n_council,2019,2013,2.7463773841237966,1.9156932409882057,3.9372633230860288,3.8559395454385026e-08,15,101,194459
n_council,2020,2013,1.816008990581979,1.3496858773191227,2.443449034545109,8.131515725051663e-05,15,101,194459
n_council,2021,2013,0.9708561628349107,0.7224678368823145,1.3046417304637243,0.84447304908322,15,101,194459
n_council,2022,2013,0.7886774322987359,0.5878352377790549,1.0581401934450176,0.11339108070831827,15,101,194459
n_council,2023,2013,0.7867110058172866,0.5927039355067295,1.0442215237611152,0.09681691559471228,15,101,194459
n_council,2024,2013,0.8606742898459567,0.6036442893544632,1.2271469245472535,0.40709694204322266,15,101,194459
n_council_found_by_council_staff,2018,2017,0.6672333053551631,0.4979005680940751,0.8941550026330931,0.006747561251776446,15,101,77126
n_council_found_by_council_staff,2019,2017,0.8388027159435248,0.55256936279445,1.27330620126321,0.4091320699729495,15,101,77126
n_council_found_by_council_staff,2020,2017,0.6279994889049795,0.4033214937303449,0.9778386825290162,0.039475424111608204,15,101,77126
n_council_found_by_council_staff,2021,2017,1.3778780912675854,0.4441579405228323,4.2744885572919475,0.5789302180225409,15,101,77126
n_council_found_by_council_staff,2022,2017,0.3886322856977491,0.07529173200427146,2.005997862794395,0.2590386568175487,15,101,77126
n_council_found_by_council_staff,2023,2017,0.5597629796839715,0.1817560058197381,1.7239297926443056,0.3119941415695018,15,101,77126
n_council_found_by_council_staff,2024,2017,0.505710580663753,0.1687469205042609,1.515542865203354,0.22340532391609003,15,101,77126
n_council_reported_by_the_public,2018,2017,1.3171559511092712,1.086674459890183,1.5965221081186485,0.005000807179096567,15,101,57988
n_council_reported_by_the_public,2019,2017,1.6254539726231378,1.2000039750730571,2.2017432208551537,0.0017033798415813095,15,101,57988
n_council_reported_by_the_public,2020,2017,1.5284655181445335,1.1431445725245934,2.043667000926584,0.00420062612599037,15,101,57988
n_council_reported_by_the_public,2021,2017,1.3531960338658837,1.0772394451033644,1.6998444629871998,0.00933857453646425,15,101,57988
n_council_reported_by_the_public,2022,2017,1.0901563596174555,0.8251776225137789,1.440224329876975,0.54348533445659,15,101,57988
n_council_reported_by_the_public,2023,2017,1.0944215938160629,0.8077897424361487,1.482760379450557,0.5603415604586566,15,101,57988
n_council_reported_by_the_public,2024,2017,1.1998334966120938,0.773841637752126,1.86032949037763,0.4155383355321409,15,101,57988
