council,area,model,outcome,term,irr,lo,hi,p,n_area_years,n_areas,n_records,years,note,areas_drive_time_changed
York,LSOA,same council and year,n_council,t_hwrc_5,2.4887081159475,1.4013460346122608,4.419799202626413,0.0018610925186066662,726.0,121.0,12727.0,2019 to 2024,,
York,LSOA,same council and year,n_council,private_rent_10,1.1841947978610785,0.978963618875823,1.4324509024059233,0.08167459272727817,726.0,121.0,12727.0,2019 to 2024,,
York,LSOA,same council and year,n_council,no_car_10,1.5166184207018845,1.2474222548916847,1.843907646342258,2.9468347775729598e-05,726.0,121.0,12727.0,2019 to 2024,,
York,LSOA,same council and year,n_council,log_density,0.9201542711952168,0.7396565197069574,1.144698735480958,0.45509725168978155,726.0,121.0,12727.0,2019 to 2024,,
York,LSOA,same council and year,n_council,rural,0.5737917026795853,0.2707021817445656,1.2162329684309872,0.1472628987794402,726.0,121.0,12727.0,2019 to 2024,,
York,LSOA,same council and year,n_flytip,t_hwrc_5,3.7450174932506224,1.4850360172904835,9.444320448431084,0.0051433682326256225,726.0,121.0,96.0,2019 to 2024,,
York,LSOA,same council and year,n_flytip,private_rent_10,1.3518344492883747,0.8621891685776751,2.119553857649937,0.1889179662932099,726.0,121.0,96.0,2019 to 2024,,
York,LSOA,same council and year,n_flytip,no_car_10,1.49321927364541,1.0026038965065538,2.2239129599987058,0.04851883087033082,726.0,121.0,96.0,2019 to 2024,,
York,LSOA,same council and year,n_flytip,log_density,0.6654730190914199,0.45496466691679954,0.9733818279555215,0.03581229763483207,726.0,121.0,96.0,2019 to 2024,,
York,LSOA,same council and year,n_flytip,rural,0.6623088427879218,0.1874172656572462,2.340515435953999,0.5223615136803614,726.0,121.0,96.0,2019 to 2024,,
York,LSOA,same council and year,n_council_bags,t_hwrc_5,1.6692485383985445,0.7768203349183372,3.5869177951406157,0.18922147689452773,726.0,121.0,3093.0,2019 to 2024,,
York,LSOA,same council and year,n_council_bags,private_rent_10,1.4542048875769928,1.171575416706583,1.805015558449906,0.0006834267910180714,726.0,121.0,3093.0,2019 to 2024,,
York,LSOA,same council and year,n_council_bags,no_car_10,1.3237920437343877,1.048802908288141,1.6708814985217586,0.018221584887571973,726.0,121.0,3093.0,2019 to 2024,,
York,LSOA,same council and year,n_council_bags,log_density,0.9382622369857244,0.7106701767708242,1.2387406340217721,0.6530138822393132,726.0,121.0,3093.0,2019 to 2024,,
York,LSOA,same council and year,n_council_bags,rural,0.629258626578938,0.2527049953524325,1.5669117208062344,0.3196619602273467,726.0,121.0,3093.0,2019 to 2024,,
York,LSOA,same council and year,n_council_bulky,t_hwrc_5,3.2716886389291027,1.7433779801396483,6.139773859734281,0.00022367644832321787,726.0,121.0,3328.0,2019 to 2024,,
York,LSOA,same council and year,n_council_bulky,private_rent_10,1.0662844540424694,0.8452423452953902,1.3451320124470436,0.5881745725768392,726.0,121.0,3328.0,2019 to 2024,,
York,LSOA,same council and year,n_council_bulky,no_car_10,1.6501831729440088,1.319064040630855,2.0644217569339594,1.1680797656232755e-05,726.0,121.0,3328.0,2019 to 2024,,
York,LSOA,same council and year,n_council_bulky,log_density,1.0586865948900346,0.8436311968463158,1.3285631332621706,0.622535420244162,726.0,121.0,3328.0,2019 to 2024,,
York,LSOA,same council and year,n_council_bulky,rural,0.4783981270316115,0.22291173211664836,1.0267057986323946,0.0584434092494277,726.0,121.0,3328.0,2019 to 2024,,
York,LSOA,same council and year,n_council_construction,t_hwrc_5,1.8772802332887852,1.0401943271366527,3.3880025898601316,0.036544125191705135,726.0,121.0,995.0,2019 to 2024,,
York,LSOA,same council and year,n_council_construction,private_rent_10,1.1056834389951522,0.8984402121775926,1.3607314662653265,0.34277874753243065,726.0,121.0,995.0,2019 to 2024,,
York,LSOA,same council and year,n_council_construction,no_car_10,1.3747590648883177,1.1011216911266095,1.7163974715264143,0.0049438371276468995,726.0,121.0,995.0,2019 to 2024,,
York,LSOA,same council and year,n_council_construction,log_density,0.7523295076941688,0.6001787047946546,0.9430519337419707,0.01356328943011853,726.0,121.0,995.0,2019 to 2024,,
York,LSOA,same council and year,n_council_construction,rural,0.7845505420219737,0.3728977685232365,1.6506388746293013,0.522569048516873,726.0,121.0,995.0,2019 to 2024,,
York,LSOA,same council and year,n_council_garden,t_hwrc_5,1.7232195290075998,0.8135544622135289,3.6500144527187044,0.15527485304379152,726.0,121.0,452.0,2019 to 2024,,
York,LSOA,same council and year,n_council_garden,private_rent_10,1.0816650234383738,0.8803807233680607,1.328969605847215,0.4549054014389555,726.0,121.0,452.0,2019 to 2024,,
York,LSOA,same council and year,n_council_garden,no_car_10,1.387445477769769,1.1206531333087344,1.7177527073878733,0.0026515427387914237,726.0,121.0,452.0,2019 to 2024,,
York,LSOA,same council and year,n_council_garden,log_density,0.7265916233299726,0.5923215979342958,0.8912985596582058,0.0021845249463852134,726.0,121.0,452.0,2019 to 2024,,
York,LSOA,same council and year,n_council_garden,rural,0.7485122249673489,0.41351463248394094,1.3548989731272194,0.3386777508529146,726.0,121.0,452.0,2019 to 2024,,
York,LSOA,same council and year,n_council_other,t_hwrc_5,2.7693826595316366,1.595359197698365,4.807368977456193,0.0002946411802255966,726.0,121.0,4704.0,2019 to 2024,,
York,LSOA,same council and year,n_council_other,private_rent_10,1.1340040225086092,0.9320440863411897,1.3797256394961537,0.20885702298345366,726.0,121.0,4704.0,2019 to 2024,,
York,LSOA,same council and year,n_council_other,no_car_10,1.5868780461122243,1.3138992213486391,1.916571600254232,1.6303070502488026e-06,726.0,121.0,4704.0,2019 to 2024,,
York,LSOA,same council and year,n_council_other,log_density,0.9016088003538056,0.7301854390708304,1.1132766902471396,0.3357222841638805,726.0,121.0,4704.0,2019 to 2024,,
York,LSOA,same council and year,n_council_other,rural,0.4673432164285089,0.21160021942209847,1.0321807913916299,0.05988336547627693,726.0,121.0,4704.0,2019 to 2024,,
York,LSOA,same council and year,n_council_tyres,t_hwrc_5,1.2379358727276144,0.47511053220526195,3.225534104396155,0.6622185124227415,726.0,121.0,155.0,2019 to 2024,,
York,LSOA,same council and year,n_council_tyres,private_rent_10,0.9043054888576959,0.6451990565764847,1.2674668520399712,0.5592416490143657,726.0,121.0,155.0,2019 to 2024,,
York,LSOA,same council and year,n_council_tyres,no_car_10,1.2954000282767903,0.9164612369358357,1.8310225960784368,0.14267221770923122,726.0,121.0,155.0,2019 to 2024,,
York,LSOA,same council and year,n_council_tyres,log_density,0.5243691216506933,0.4216479817549429,0.6521150050245587,6.4966141355427e-09,726.0,121.0,155.0,2019 to 2024,,
York,LSOA,same council and year,n_council_tyres,rural,0.8519398302534843,0.4755120418151462,1.5263577166243218,0.5901643611982492,726.0,121.0,155.0,2019 to 2024,,
York,LSOA,"same council and year, plus deprivation and housing type",n_council,t_hwrc_5,2.717787994981191,1.7641325669047716,4.186970823073413,5.772872777143334e-06,726.0,121.0,12727.0,2019 to 2024,,
York,LSOA,"same council and year, plus deprivation and housing type",n_council,private_rent_10,0.8349824710570081,0.6442705453872389,1.082147448714139,0.17280919754304902,726.0,121.0,12727.0,2019 to 2024,,
York,LSOA,"same council and year, plus deprivation and housing type",n_council,no_car_10,1.5902002792700205,1.0505558032643016,2.4070467464299603,0.02829382789832291,726.0,121.0,12727.0,2019 to 2024,,
York,LSOA,"same council and year, plus deprivation and housing type",n_council,log_density,0.7457910224371415,0.628753223536336,0.884614548804287,0.0007580004302421006,726.0,121.0,12727.0,2019 to 2024,,
York,LSOA,"same council and year, plus deprivation and housing type",n_council,rural,0.5387524655819826,0.2964151843222491,0.9792150825010173,0.04246841570560478,726.0,121.0,12727.0,2019 to 2024,,
York,LSOA,"same council and year, plus deprivation and housing type",n_council,social_rent_10,0.7806550322073337,0.6066791285366008,1.0045215842197328,0.05423812307471643,726.0,121.0,12727.0,2019 to 2024,,
York,LSOA,"same council and year, plus deprivation and housing type",n_council,deprived_10,1.4055927009502893,0.7677564450607327,2.5733301930255297,0.2698336314572616,726.0,121.0,12727.0,2019 to 2024,,
York,LSOA,"same council and year, plus deprivation and housing type",n_council,flat_10,1.1989414641137959,0.9928355773964999,1.447833525608306,0.05939092433947524,726.0,121.0,12727.0,2019 to 2024,,
York,LSOA,"same council and year, plus deprivation and housing type",n_council,terraced_10,1.4315857667025838,1.2887901842768625,1.5902028370703023,2.197575454943035e-11,726.0,121.0,12727.0,2019 to 2024,,
York,LSOA,"same council and year, plus deprivation and housing type",n_flytip,t_hwrc_5,3.9941780959893003,1.6698741484164927,9.553689227184602,0.0018557965869860915,726.0,121.0,96.0,2019 to 2024,,
York,LSOA,"same council and year, plus deprivation and housing type",n_flytip,private_rent_10,1.080414535752648,0.6074076899083897,1.921766201612732,0.7923710596347862,726.0,121.0,96.0,2019 to 2024,,
York,LSOA,"same council and year, plus deprivation and housing type",n_flytip,no_car_10,1.3756981077070183,0.46643297174195253,4.0574860659629675,0.563265324188067,726.0,121.0,96.0,2019 to 2024,,
York,LSOA,"same council and year, plus deprivation and housing type",n_flytip,log_density,0.5657734513510535,0.3982485188114862,0.8037684589737404,0.0014758372274257248,726.0,121.0,96.0,2019 to 2024,,
York,LSOA,"same council and year, plus deprivation and housing type",n_flytip,rural,0.590696703321993,0.16799969460015618,2.0769239857603066,0.41184087316222584,726.0,121.0,96.0,2019 to 2024,,
York,LSOA,"same council and year, plus deprivation and housing type",n_flytip,social_rent_10,0.7043041510173259,0.4007538495689722,1.2377780966390044,0.22303319897649443,726.0,121.0,96.0,2019 to 2024,,
York,LSOA,"same council and year, plus deprivation and housing type",n_flytip,deprived_10,2.259273502590046,0.5654433320491284,9.027105759666126,0.24880297672922413,726.0,121.0,96.0,2019 to 2024,,
York,LSOA,"same council and year, plus deprivation and housing type",n_flytip,flat_10,1.180963706000556,0.7138422584482391,1.953758352611869,0.5172553293281492,726.0,121.0,96.0,2019 to 2024,,
York,LSOA,"same council and year, plus deprivation and housing type",n_flytip,terraced_10,1.3341711674215844,1.0749193065260945,1.6559500728772725,0.008913196348309116,726.0,121.0,96.0,2019 to 2024,,
York,LSOA,same area over time,n_council,not estimable,,,,,,,,,"
            All variables are collinear. Maybe your model specification introdu",0.0
York,LSOA,same area over time,n_flytip,not estimable,,,,,,,,,"
            All variables are collinear. Maybe your model specification introdu",0.0
Bassetlaw,LSOA,same council and year,n_council,t_hwrc_5,0.8753241412800521,0.5603464179808292,1.3673547786181688,0.5584531525853593,414.0,69.0,5134.0,2012 to 2017,,
Bassetlaw,LSOA,same council and year,n_council,private_rent_10,1.2619922974656104,1.0086680769785528,1.5789382009919541,0.04180075896391955,414.0,69.0,5134.0,2012 to 2017,,
Bassetlaw,LSOA,same council and year,n_council,no_car_10,1.7547949925540929,1.3564583775498948,2.2701068583135733,1.8618503370149142e-05,414.0,69.0,5134.0,2012 to 2017,,
Bassetlaw,LSOA,same council and year,n_council,log_density,0.5031226538642726,0.441463440913412,0.5733938110654959,0.0,414.0,69.0,5134.0,2012 to 2017,,
Bassetlaw,LSOA,same council and year,n_council,rural,0.8537483777667649,0.3773818938735232,1.9314288903952124,0.7042283811067773,414.0,69.0,5134.0,2012 to 2017,,
Bassetlaw,LSOA,same council and year,n_flytip,t_hwrc_5,0.985410041420917,0.47847229234250044,2.0294444741600373,0.968193989726968,414.0,69.0,135.0,2012 to 2017,,
Bassetlaw,LSOA,same council and year,n_flytip,private_rent_10,1.3601219531577842,0.7708639833388442,2.3998160083302036,0.28837693529383857,414.0,69.0,135.0,2012 to 2017,,
Bassetlaw,LSOA,same council and year,n_flytip,no_car_10,1.5921310519791367,0.6196437709297806,4.090868666157302,0.3340732440415466,414.0,69.0,135.0,2012 to 2017,,
Bassetlaw,LSOA,same council and year,n_flytip,log_density,0.29985645844162745,0.15067828043083215,0.5967276465597164,0.0006024621637192862,414.0,69.0,135.0,2012 to 2017,,
Bassetlaw,LSOA,same council and year,n_flytip,rural,0.6975677419522721,0.18712690126204867,2.600378413422056,0.5916279502163229,414.0,69.0,135.0,2012 to 2017,,
Bassetlaw,LSOA,same council and year,n_council_bags,t_hwrc_5,1.0196371939676427,0.644330852409651,1.6135499385666792,0.9338173868154425,414.0,69.0,693.0,2012 to 2017,,
Bassetlaw,LSOA,same council and year,n_council_bags,private_rent_10,1.2783918810063495,0.9767849064813083,1.6731276154851455,0.07362880596951604,414.0,69.0,693.0,2012 to 2017,,
Bassetlaw,LSOA,same council and year,n_council_bags,no_car_10,1.801028287911748,1.3412575213800955,2.4184042528393004,9.138242363881943e-05,414.0,69.0,693.0,2012 to 2017,,
Bassetlaw,LSOA,same council and year,n_council_bags,log_density,0.49744179868030525,0.42459557466221276,0.582785968203166,0.0,414.0,69.0,693.0,2012 to 2017,,
Bassetlaw,LSOA,same council and year,n_council_bags,rural,0.6037850712203304,0.23115612744460848,1.577100361814538,0.3030276989243541,414.0,69.0,693.0,2012 to 2017,,
Bassetlaw,LSOA,same council and year,n_council_bulky,t_hwrc_5,1.0946208287960826,0.7326110574038045,1.635512795944322,0.6590022391544788,414.0,69.0,655.0,2012 to 2017,,
Bassetlaw,LSOA,same council and year,n_council_bulky,private_rent_10,1.2348485518970505,0.9912804565494597,1.538263905080994,0.05985342895400292,414.0,69.0,655.0,2012 to 2017,,
Bassetlaw,LSOA,same council and year,n_council_bulky,no_car_10,1.861092432514839,1.4935209894389998,2.3191271276776844,3.142282101187277e-08,414.0,69.0,655.0,2012 to 2017,,
Bassetlaw,LSOA,same council and year,n_council_bulky,log_density,0.6102923828587529,0.542421247080045,0.6866559792419988,2.220446049250313e-16,414.0,69.0,655.0,2012 to 2017,,
Bassetlaw,LSOA,same council and year,n_council_bulky,rural,0.7758459259632279,0.3891820164205633,1.5466719309642123,0.4708847294206584,414.0,69.0,655.0,2012 to 2017,,
Bassetlaw,LSOA,same council and year,n_council_construction,t_hwrc_5,0.8925780064594832,0.5279573514112024,1.5090148768374183,0.6714333822683116,414.0,69.0,422.0,2012 to 2017,,
Bassetlaw,LSOA,same council and year,n_council_construction,private_rent_10,1.0785603198037008,0.8147199134249298,1.4278432922607704,0.5972393903364912,414.0,69.0,422.0,2012 to 2017,,
Bassetlaw,LSOA,same council and year,n_council_construction,no_car_10,1.5983357632037811,1.1299668867957016,2.260842544847158,0.00803444259319619,414.0,69.0,422.0,2012 to 2017,,
Bassetlaw,LSOA,same council and year,n_council_construction,log_density,0.42250444081803973,0.352219963776177,0.5068139823681348,0.0,414.0,69.0,422.0,2012 to 2017,,
Bassetlaw,LSOA,same council and year,n_council_construction,rural,0.7366934161024021,0.27788020278196257,1.9530617291022616,0.5390087574632791,414.0,69.0,422.0,2012 to 2017,,
Bassetlaw,LSOA,same council and year,n_council_garden,t_hwrc_5,0.7858313533224974,0.45373614008869173,1.3609912486670315,0.3897379104960297,414.0,69.0,296.0,2012 to 2017,,
Bassetlaw,LSOA,same council and year,n_council_garden,private_rent_10,1.073021477483484,0.7913661844554978,1.4549207607765635,0.6500484584867914,414.0,69.0,296.0,2012 to 2017,,
Bassetlaw,LSOA,same council and year,n_council_garden,no_car_10,0.9881786127480389,0.6656363064290277,1.4670127834992963,0.9529604202647075,414.0,69.0,296.0,2012 to 2017,,
Bassetlaw,LSOA,same council and year,n_council_garden,log_density,0.47570461779057643,0.3909606336306425,0.5788175686278149,1.1501910535116622e-13,414.0,69.0,296.0,2012 to 2017,,
Bassetlaw,LSOA,same council and year,n_council_garden,rural,1.2157295767362908,0.40877418054633885,3.615684341354467,0.7253769362597549,414.0,69.0,296.0,2012 to 2017,,
Bassetlaw,LSOA,same council and year,n_council_other,t_hwrc_5,0.8673273583917819,0.5455611203569098,1.3788679554780865,0.547323678081753,414.0,69.0,2675.0,2012 to 2017,,
Bassetlaw,LSOA,same council and year,n_council_other,private_rent_10,1.2749080712021528,1.002420631620223,1.6214656190677732,0.04773644691795642,414.0,69.0,2675.0,2012 to 2017,,
Bassetlaw,LSOA,same council and year,n_council_other,no_car_10,1.8304404743955467,1.3932968530047376,2.4047368822227586,1.4102841099594698e-05,414.0,69.0,2675.0,2012 to 2017,,
Bassetlaw,LSOA,same council and year,n_council_other,log_density,0.5042816868232102,0.4383572141785139,0.5801205305627812,0.0,414.0,69.0,2675.0,2012 to 2017,,
Bassetlaw,LSOA,same council and year,n_council_other,rural,0.8372659924623788,0.3648151049972113,1.9215606276482733,0.675183000052749,414.0,69.0,2675.0,2012 to 2017,,
Bassetlaw,LSOA,same council and year,n_council_tyres,t_hwrc_5,0.6655466100813349,0.45573688457267447,0.9719474222633842,0.035094440701010976,414.0,69.0,393.0,2012 to 2017,,
Bassetlaw,LSOA,same council and year,n_council_tyres,private_rent_10,1.3246476139232501,1.0562947203266682,1.6611758700544361,0.014925701853534479,414.0,69.0,393.0,2012 to 2017,,
Bassetlaw,LSOA,same council and year,n_council_tyres,no_car_10,1.48328639602183,1.1509876351484616,1.9115223008800106,0.002314121616594056,414.0,69.0,393.0,2012 to 2017,,
Bassetlaw,LSOA,same council and year,n_council_tyres,log_density,0.4239990772120604,0.3421258617597072,0.5254651506086501,4.6629367034256575e-15,414.0,69.0,393.0,2012 to 2017,,
Bassetlaw,LSOA,same council and year,n_council_tyres,rural,1.1209848394679285,0.42600089895359544,2.9497754896846375,0.8170341949110236,414.0,69.0,393.0,2012 to 2017,,
Bassetlaw,LSOA,"same council and year, plus deprivation and housing type",n_council,t_hwrc_5,0.7867998045762905,0.5303814091806967,1.1671863337698216,0.23338683865686072,414.0,69.0,5134.0,2012 to 2017,,
Bassetlaw,LSOA,"same council and year, plus deprivation and housing type",n_council,private_rent_10,1.6839229320339513,1.272815122373432,2.227814857936518,0.00026300644510679483,414.0,69.0,5134.0,2012 to 2017,,
Bassetlaw,LSOA,"same council and year, plus deprivation and housing type",n_council,no_car_10,1.850858999891903,0.6771392718731107,5.059046461748853,0.23012392201166887,414.0,69.0,5134.0,2012 to 2017,,
Bassetlaw,LSOA,"same council and year, plus deprivation and housing type",n_council,log_density,0.537940431048935,0.4543745172524387,0.636875300813452,6.108447081487611e-13,414.0,69.0,5134.0,2012 to 2017,,
Bassetlaw,LSOA,"same council and year, plus deprivation and housing type",n_council,rural,0.9706859490165896,0.2935720615680053,3.2095397858558528,0.9611082980752419,414.0,69.0,5134.0,2012 to 2017,,
Bassetlaw,LSOA,"same council and year, plus deprivation and housing type",n_council,social_rent_10,1.288826993950264,0.8688810014406122,1.9117405232486344,0.20719318541318898,414.0,69.0,5134.0,2012 to 2017,,
Bassetlaw,LSOA,"same council and year, plus deprivation and housing type",n_council,deprived_10,0.8165321745667442,0.35126034935008443,1.898092948254183,0.6376714916578181,414.0,69.0,5134.0,2012 to 2017,,
Bassetlaw,LSOA,"same council and year, plus deprivation and housing type",n_council,flat_10,0.7495391551440003,0.4980272696675743,1.1280686406368483,0.16690048925683,414.0,69.0,5134.0,2012 to 2017,,
Bassetlaw,LSOA,"same council and year, plus deprivation and housing type",n_council,terraced_10,0.8187511147347323,0.47752461836353494,1.4038090647067605,0.4672501421511741,414.0,69.0,5134.0,2012 to 2017,,
Bassetlaw,LSOA,"same council and year, plus deprivation and housing type",n_flytip,t_hwrc_5,0.8059847427858298,0.3892334683966486,1.6689505357271932,0.5613776342368648,414.0,69.0,135.0,2012 to 2017,,
Bassetlaw,LSOA,"same council and year, plus deprivation and housing type",n_flytip,private_rent_10,1.2147593465926307,0.5791559705153243,2.5479151476607456,0.6067091848718558,414.0,69.0,135.0,2012 to 2017,,
Bassetlaw,LSOA,"same council and year, plus deprivation and housing type",n_flytip,no_car_10,0.6811151615468847,0.09388672500792748,4.941250887703956,0.7040717708524893,414.0,69.0,135.0,2012 to 2017,,
Bassetlaw,LSOA,"same council and year, plus deprivation and housing type",n_flytip,log_density,0.2117161907173936,0.06283182003898989,0.7133924400736549,0.012248547559176926,414.0,69.0,135.0,2012 to 2017,,
Bassetlaw,LSOA,"same council and year, plus deprivation and housing type",n_flytip,rural,0.23525866583373042,0.03138341337339429,1.7635634209498603,0.15913507466468424,414.0,69.0,135.0,2012 to 2017,,
Bassetlaw,LSOA,"same council and year, plus deprivation and housing type",n_flytip,social_rent_10,3.208730911917661,0.9875941115268093,10.42528903820469,0.05247262674074027,414.0,69.0,135.0,2012 to 2017,,
Bassetlaw,LSOA,"same council and year, plus deprivation and housing type",n_flytip,deprived_10,0.31916903867406005,0.049139253501843845,2.0730651767899007,0.23157217863801538,414.0,69.0,135.0,2012 to 2017,,
Bassetlaw,LSOA,"same council and year, plus deprivation and housing type",n_flytip,flat_10,1.395163680641097,0.3021808521655424,6.441446179765486,0.6696157617433096,414.0,69.0,135.0,2012 to 2017,,
Bassetlaw,LSOA,"same council and year, plus deprivation and housing type",n_flytip,terraced_10,1.6887818978920923,0.8620255475003431,3.3084684171113645,0.12669410018775817,414.0,69.0,135.0,2012 to 2017,,
Bassetlaw,LSOA,same area over time,n_council,not estimable,,,,,,,,,"
            All variables are collinear. Maybe your model specification introdu",0.0
Bassetlaw,LSOA,same area over time,n_flytip,not estimable,,,,,,,,,"
            All variables are collinear. Maybe your model specification introdu",0.0
Bradford,LSOA,same council and year,n_council,t_hwrc_5,1.35605416722787,1.0494545843812666,1.7522272348166772,0.0198523506525341,1872.0,312.0,23168.0,2012 to 2017,,
Bradford,LSOA,same council and year,n_council,private_rent_10,1.050855291124891,0.9414744505599064,1.1729440371201159,0.37639179726667926,1872.0,312.0,23168.0,2012 to 2017,,
Bradford,LSOA,same council and year,n_council,no_car_10,1.333694539882413,1.237704675636797,1.43712887308679,4.1522341120980855e-14,1872.0,312.0,23168.0,2012 to 2017,,
Bradford,LSOA,same council and year,n_council,log_density,1.0362561312060445,0.9223464004123605,1.1642337076200817,0.5488791258418373,1872.0,312.0,23168.0,2012 to 2017,,
Bradford,LSOA,same council and year,n_council,rural,0.6210923198967635,0.3812640418131099,1.0117808854993868,0.05575334274420851,1872.0,312.0,23168.0,2012 to 2017,,
Bradford,LSOA,same council and year,n_flytip,t_hwrc_5,1.9262553292107847,0.9364424190506297,3.9622933752559306,0.07482300801410235,1872.0,312.0,373.0,2012 to 2017,,
Bradford,LSOA,same council and year,n_flytip,private_rent_10,1.0921813320814755,0.9212161531297118,1.2948753211661346,0.3100058657700655,1872.0,312.0,373.0,2012 to 2017,,
Bradford,LSOA,same council and year,n_flytip,no_car_10,1.2329543292320124,1.017307350648447,1.4943137656510384,0.03276620869857405,1872.0,312.0,373.0,2012 to 2017,,
Bradford,LSOA,same council and year,n_flytip,log_density,0.5811138312435674,0.4523713719898811,0.7464957019210557,2.156021524046814e-05,1872.0,312.0,373.0,2012 to 2017,,
Bradford,LSOA,same council and year,n_flytip,rural,0.0773291784186855,0.02763436831452514,0.21639003167536855,1.0851356575525273e-06,1872.0,312.0,373.0,2012 to 2017,,
Bradford,LSOA,"same council and year, plus deprivation and housing type",n_council,t_hwrc_5,1.2454859729967322,0.9853651880300394,1.5742745205286537,0.06626104234572217,1872.0,312.0,23168.0,2012 to 2017,,
Bradford,LSOA,"same council and year, plus deprivation and housing type",n_council,private_rent_10,1.3191371612925487,1.1524953738869719,1.5098740435149214,5.8230835513706225e-05,1872.0,312.0,23168.0,2012 to 2017,,
Bradford,LSOA,"same council and year, plus deprivation and housing type",n_council,no_car_10,1.1031381130329987,0.9045518978638274,1.3453221416038652,0.3323699951937147,1872.0,312.0,23168.0,2012 to 2017,,
Bradford,LSOA,"same council and year, plus deprivation and housing type",n_council,log_density,0.7695862971650544,0.6984408315551874,0.8479788724056314,1.210515248040167e-07,1872.0,312.0,23168.0,2012 to 2017,,
Bradford,LSOA,"same council and year, plus deprivation and housing type",n_council,rural,0.6299395672910961,0.4243537105722097,0.9351252234929338,0.021860711269503286,1872.0,312.0,23168.0,2012 to 2017,,
Bradford,LSOA,"same council and year, plus deprivation and housing type",n_council,social_rent_10,1.1224254821792956,0.9815618359112317,1.283504428303138,0.09141168345324169,1872.0,312.0,23168.0,2012 to 2017,,
Bradford,LSOA,"same council and year, plus deprivation and housing type",n_council,deprived_10,1.5664137731233296,1.3438449484233506,1.825844649346774,9.486444740858246e-09,1872.0,312.0,23168.0,2012 to 2017,,
Bradford,LSOA,"same council and year, plus deprivation and housing type",n_council,flat_10,0.8259465801738376,0.7606298603901291,0.8968721697974907,5.377731357336657e-06,1872.0,312.0,23168.0,2012 to 2017,,
Bradford,LSOA,"same council and year, plus deprivation and housing type",n_council,terraced_10,1.0215581809398777,0.9761296304772611,1.069100951822302,0.35808809834754074,1872.0,312.0,23168.0,2012 to 2017,,
Bradford,LSOA,"same council and year, plus deprivation and housing type",n_flytip,t_hwrc_5,1.3879276797154778,0.6639783121625319,2.9012141041872614,0.3835265094712639,1872.0,312.0,373.0,2012 to 2017,,
Bradford,LSOA,"same council and year, plus deprivation and housing type",n_flytip,private_rent_10,2.2433343423685286,1.416553507440122,3.5526712864835184,0.0005719061403632875,1872.0,312.0,373.0,2012 to 2017,,
Bradford,LSOA,"same council and year, plus deprivation and housing type",n_flytip,no_car_10,0.6347023343983429,0.3764413151160868,1.0701456963258031,0.08807572928562735,1872.0,312.0,373.0,2012 to 2017,,
Bradford,LSOA,"same council and year, plus deprivation and housing type",n_flytip,log_density,0.4956732055267343,0.3786181058682732,0.6489175315948253,3.283773979401161e-07,1872.0,312.0,373.0,2012 to 2017,,
Bradford,LSOA,"same council and year, plus deprivation and housing type",n_flytip,rural,0.07078122129626901,0.026106952232696396,0.191902189253516,1.950774435321989e-07,1872.0,312.0,373.0,2012 to 2017,,
Bradford,LSOA,"same council and year, plus deprivation and housing type",n_flytip,social_rent_10,1.7387746264015724,1.2187595876660229,2.4806674195751346,0.0022793038146105005,1872.0,312.0,373.0,2012 to 2017,,
Bradford,LSOA,"same council and year, plus deprivation and housing type",n_flytip,deprived_10,1.2557757225631734,0.740706760089491,2.129010764244318,0.3977746031365128,1872.0,312.0,373.0,2012 to 2017,,
Bradford,LSOA,"same council and year, plus deprivation and housing type",n_flytip,flat_10,0.7671436411005252,0.6263748390629236,0.9395482215751194,0.010380921065482829,1872.0,312.0,373.0,2012 to 2017,,
Bradford,LSOA,"same council and year, plus deprivation and housing type",n_flytip,terraced_10,0.9584013209081801,0.8190358691088335,1.1214809101315315,0.5961371921119527,1872.0,312.0,373.0,2012 to 2017,,
Bradford,LSOA,same area over time,n_council,not estimable,,,,,,,,,"
            All variables are collinear. Maybe your model specification introdu",0.0
Bradford,LSOA,same area over time,n_flytip,not estimable,,,,,,,,,"
            All variables are collinear. Maybe your model specification introdu",0.0
Leeds,postcode sector,same council and year,n_council,t_hwrc_5,2.0777657506824196,1.466510972022361,2.943796941904538,3.8891989275757766e-05,1560.0,120.0,196528.0,2012 to 2024,,
Leeds,postcode sector,same council and year,n_council,private_rent_10,0.8187625914994725,0.7411970493048302,0.90444529139407,8.221903472049874e-05,1560.0,120.0,196528.0,2012 to 2024,,
Leeds,postcode sector,same council and year,n_council,no_car_10,1.5556112315136006,1.3493998798943283,1.793335200089662,1.128508175796128e-09,1560.0,120.0,196528.0,2012 to 2024,,
Leeds,postcode sector,same council and year,n_council,log_density,1.9510930779060383,1.35357596810475,2.812375727963768,0.0003398254126545375,1560.0,120.0,196528.0,2012 to 2024,,
Leeds,postcode sector,same council and year,n_council,rural,3.0369540519415006,1.22267739534296,7.543355220873148,0.01670644795814158,1560.0,120.0,196528.0,2012 to 2024,,
Leeds,postcode sector,same council and year,n_flytip,t_hwrc_5,0.8479157320314433,0.5468096361848336,1.314828856423799,0.4610647807467134,1560.0,120.0,771.0,2012 to 2024,,
Leeds,postcode sector,same council and year,n_flytip,private_rent_10,0.8679980086790268,0.7465596340845116,1.0091900347581175,0.06561693778876565,1560.0,120.0,771.0,2012 to 2024,,
Leeds,postcode sector,same council and year,n_flytip,no_car_10,1.3276375662854658,1.1287096033163089,1.561625330584202,0.0006218151285308782,1560.0,120.0,771.0,2012 to 2024,,
Leeds,postcode sector,same council and year,n_flytip,log_density,0.8326125776338972,0.5661469867917779,1.2244942048753307,0.3519262372939742,1560.0,120.0,771.0,2012 to 2024,,
Leeds,postcode sector,same council and year,n_flytip,rural,0.6452637842579976,0.2795491937804306,1.4894171063214805,0.3046443328343962,1560.0,120.0,771.0,2012 to 2024,,
Leeds,postcode sector,same council and year,n_council_found_by_council_staff,t_hwrc_5,3.5177265469023267,2.1165351887336694,5.84653641699433,1.2181824651236184e-06,960.0,120.0,77763.0,2012 to 2024,,
Leeds,postcode sector,same council and year,n_council_found_by_council_staff,private_rent_10,0.7519692027301589,0.643981861441185,0.8780646097534134,0.00031329472312058293,960.0,120.0,77763.0,2012 to 2024,,
Leeds,postcode sector,same council and year,n_council_found_by_council_staff,no_car_10,1.8377544930551606,1.4903631731001903,2.266119854343306,1.2509372426805498e-08,960.0,120.0,77763.0,2012 to 2024,,
Leeds,postcode sector,same council and year,n_council_found_by_council_staff,log_density,3.279149253174876,1.7506012514886289,6.142358127216953,0.00020833539012521385,960.0,120.0,77763.0,2012 to 2024,,
Leeds,postcode sector,same council and year,n_council_found_by_council_staff,rural,5.214772386266778,1.0010541345926935,27.165215247460193,0.04984972810797217,960.0,120.0,77763.0,2012 to 2024,,
Leeds,postcode sector,same council and year,n_council_reported_by_the_public,t_hwrc_5,1.5373582954541956,1.0937232202528933,2.1609402496322083,0.01329671667389154,960.0,120.0,58641.0,2012 to 2024,,
Leeds,postcode sector,same council and year,n_council_reported_by_the_public,private_rent_10,0.8479834944966778,0.7650408835023244,0.9399184049444493,0.0016902463734640438,960.0,120.0,58641.0,2012 to 2024,,
Leeds,postcode sector,same council and year,n_council_reported_by_the_public,no_car_10,1.429086875963466,1.2485392134435989,1.6357430163672444,2.203793396660103e-07,960.0,120.0,58641.0,2012 to 2024,,
Leeds,postcode sector,same council and year,n_council_reported_by_the_public,log_density,1.315214700501377,1.0249941299872394,1.6876093801985594,0.03123401762279321,960.0,120.0,58641.0,2012 to 2024,,
Leeds,postcode sector,same council and year,n_council_reported_by_the_public,rural,1.4720196982701392,0.741966603210971,2.9204036714293884,0.2686634866347546,960.0,120.0,58641.0,2012 to 2024,,
Leeds,postcode sector,same council and year,n_council_unknown,t_hwrc_5,1.5441047450237717,1.0464500332117537,2.2784264780298993,0.028615424538491308,1560.0,120.0,60124.0,2012 to 2024,,
Leeds,postcode sector,same council and year,n_council_unknown,private_rent_10,0.8949791805523355,0.8210229725555581,0.9755972249216542,0.01168800271286674,1560.0,120.0,60124.0,2012 to 2024,,
Leeds,postcode sector,same council and year,n_council_unknown,no_car_10,1.346535425632348,1.1727791941482355,1.5460349753218008,2.4321385329928447e-05,1560.0,120.0,60124.0,2012 to 2024,,
Leeds,postcode sector,same council and year,n_council_unknown,log_density,1.6042605087594455,1.2440863371184436,2.0687083389455223,0.0002688838080857625,1560.0,120.0,60124.0,2012 to 2024,,
Leeds,postcode sector,same council and year,n_council_unknown,rural,2.4113821252545127,1.2392792691560677,4.69205279126209,0.009551345844083903,1560.0,120.0,60124.0,2012 to 2024,,
Leeds,postcode sector,"same council and year, plus deprivation and housing type",n_council,t_hwrc_5,1.8834682660930315,1.3615305592906846,2.6054888633771127,0.00013130970793628904,1560.0,120.0,196528.0,2012 to 2024,,
Leeds,postcode sector,"same council and year, plus deprivation and housing type",n_council,private_rent_10,1.0468686524818978,0.9112043292283366,1.202731308879281,0.5177408390193372,1560.0,120.0,196528.0,2012 to 2024,,
Leeds,postcode sector,"same council and year, plus deprivation and housing type",n_council,no_car_10,1.4702925949807917,1.1454829414107581,1.8872042845028854,0.002474559956485045,1560.0,120.0,196528.0,2012 to 2024,,
Leeds,postcode sector,"same council and year, plus deprivation and housing type",n_council,log_density,1.436858067997045,1.171274120008182,1.7626626186821057,0.0005085743307520207,1560.0,120.0,196528.0,2012 to 2024,,
Leeds,postcode sector,"same council and year, plus deprivation and housing type",n_council,rural,1.8817566287854313,1.0124502139854406,3.497463836803369,0.04559468778940268,1560.0,120.0,196528.0,2012 to 2024,,
Leeds,postcode sector,"same council and year, plus deprivation and housing type",n_council,social_rent_10,1.0413160542996687,0.8418142274545105,1.2880978838063475,0.7090743561373114,1560.0,120.0,196528.0,2012 to 2024,,
Leeds,postcode sector,"same council and year, plus deprivation and housing type",n_council,deprived_10,1.4538072708104106,0.8850528258277087,2.3880558526939906,0.13947141766073767,1560.0,120.0,196528.0,2012 to 2024,,
Leeds,postcode sector,"same council and year, plus deprivation and housing type",n_council,flat_10,0.821173653857237,0.7029403279517907,0.95929361707569,0.012993590120682352,1560.0,120.0,196528.0,2012 to 2024,,
Leeds,postcode sector,"same council and year, plus deprivation and housing type",n_council,terraced_10,1.0321455882821153,0.9212540795032709,1.1563851266576146,0.5853321714827346,1560.0,120.0,196528.0,2012 to 2024,,
Leeds,postcode sector,"same council and year, plus deprivation and housing type",n_flytip,t_hwrc_5,0.9412901553940569,0.6277188119989537,1.4115032713775744,0.7697562839883079,1560.0,120.0,771.0,2012 to 2024,,
Leeds,postcode sector,"same council and year, plus deprivation and housing type",n_flytip,private_rent_10,0.8636249209155702,0.6231016878406811,1.1969924309001845,0.37867444440733644,1560.0,120.0,771.0,2012 to 2024,,
Leeds,postcode sector,"same council and year, plus deprivation and housing type",n_flytip,no_car_10,1.4472235718670974,0.9944077132211191,2.10623473563306,0.053519066782939495,1560.0,120.0,771.0,2012 to 2024,,
Leeds,postcode sector,"same council and year, plus deprivation and housing type",n_flytip,log_density,0.7786718742551565,0.5048597378181287,1.2009868134393864,0.2578105284078287,1560.0,120.0,771.0,2012 to 2024,,
Leeds,postcode sector,"same council and year, plus deprivation and housing type",n_flytip,rural,0.5423348462186686,0.22848035730850288,1.2873189139225885,0.16533617566286907,1560.0,120.0,771.0,2012 to 2024,,
Leeds,postcode sector,"same council and year, plus deprivation and housing type",n_flytip,social_rent_10,1.0401543673896765,0.7284703324272318,1.4851958409821626,0.8284862771178247,1560.0,120.0,771.0,2012 to 2024,,
Leeds,postcode sector,"same council and year, plus deprivation and housing type",n_flytip,deprived_10,0.8299017312079389,0.3276072280358518,2.102325054276769,0.6942020937899658,1560.0,120.0,771.0,2012 to 2024,,
Leeds,postcode sector,"same council and year, plus deprivation and housing type",n_flytip,flat_10,0.9096930704559474,0.7040617420608095,1.175381977173381,0.4690861217386735,1560.0,120.0,771.0,2012 to 2024,,
Leeds,postcode sector,"same council and year, plus deprivation and housing type",n_flytip,terraced_10,1.2144644889954563,1.0059227920098364,1.4662397618847993,0.04323464260513288,1560.0,120.0,771.0,2012 to 2024,,
Leeds,postcode sector,same area over time,n_council,t_hwrc_5,2.1581733351322767,1.5267917388911902,3.0506532265222823,1.3216337797716804e-05,1378.0,106.0,196528.0,2012 to 2024,,19.0
Leeds,postcode sector,same area over time,n_flytip,t_hwrc_5,0.7050044079625936,0.23710777806743724,2.0962248446582943,0.5295257912495777,1404.0,108.0,771.0,2012 to 2024,,19.0
