outcome,cutoff_min,deviance,irr_per5_below,irr_per5_beyond,beyond_lo,beyond_hi,p_beyond,lsoa_years_beyond,best,deviance_vs_best
flytip,4,868776.5847135407,1.45642507084513,0.8617614731576572,0.7812642133699791,0.9505527373582269,0.0029436767100630146,142555,False,860.3982734472957
flytip,5,868265.220944754,1.2684171531093664,0.8345978691936145,0.7588898079471345,0.9178586877411914,0.00019405463436417136,115208,False,349.03450466052163
flytip,6,867916.1864400934,1.1636001317805047,0.8062474666328934,0.7350057332521676,0.8843944312866237,5.04789488653401e-06,88142,True,0.0
flytip,7,868304.7128004653,1.071303937639629,0.7946201819209816,0.7103325008039176,0.8889093949685871,5.85970194393326e-05,64168,False,388.52636037184857
flytip,8,868552.9875335618,1.0241842482318289,0.7823449659635332,0.6816621791990218,0.897898789819437,0.0004789339377218038,46183,False,636.8010934683261
flytip,9,869010.9593237303,0.9861740302727066,0.7871396598790257,0.673613118431214,0.919799254500026,0.002594945323163955,33435,False,1094.772883636877
flytip,10,869216.0398831934,0.9672466096927947,0.7848750736268083,0.6647291586098788,0.9267366614230735,0.004268858205170423,24791,False,1299.8534431000007
flytip,11,869443.9479480165,0.9513892388846298,0.7900797768294476,0.6615457392816841,0.943587142489442,0.009295576938307626,18593,False,1527.7615079230163
flytip,12,869618.2225599708,0.9395890211561013,0.7980290529473582,0.6596895859073713,0.9653788432511033,0.020192246352850995,14075,False,1702.0361198773608
flytip,13,869720.3367895253,0.9320984864423344,0.80238378036096,0.6540697301751816,0.9843288892361813,0.034731006727280134,11134,False,1804.150349431904
flytip,14,869811.4365857526,0.925443654470262,0.8120611570453365,0.6549136677931906,1.0069164154168342,0.05780337062731333,8777,False,1895.2501456592
flytip,15,869846.9640803576,0.9219883172624782,0.8110016388032479,0.6437164146545888,1.021759960081927,0.07550911651700543,7129,False,1930.777640264132
flytip,16,869851.5372506115,0.9205381811076325,0.7974798931686922,0.6187532370703978,1.0278316813653965,0.08047069203211232,5623,False,1935.3508105180226
flytip,17,869865.2292752615,0.9187432543631233,0.7864925972346263,0.5918867993150193,1.0450826175220151,0.09772937161601014,4338,False,1949.0428351680748
flytip,18,869870.8025357979,0.9175746699703574,0.767788023025005,0.5545433828921523,1.0630339599873855,0.11143536771383378,3464,False,1954.6160957044922
flytip,19,869894.0546604644,0.9155375821857832,0.7624817026756704,0.5290683168380403,1.098871976288012,0.14585055432059546,2778,False,1977.8682203709614
flytip,20,869919.9557454298,0.9132554638404351,0.7691317110198717,0.5262733289886002,1.124061502476728,0.1751296259931605,2135,False,2003.7693053364055
flytip,21,869930.4078452054,0.9118941766029703,0.7617926031062642,0.5184841949574152,1.119278033528259,0.165751172902453,1579,False,2014.2214051119518
flytip,22,869932.5296391366,0.9111849905314215,0.7361771297114831,0.48003171114847226,1.1290020090831299,0.16035982199982612,1184,False,2016.3431990431855
flytip,23,869930.4532401128,0.9108090711040995,0.6917933873943845,0.41797686628779007,1.1449870302465042,0.15176484617608965,763,False,2014.266800019308
flytip,24,869931.7089344983,0.910319318406416,0.6514233907215184,0.36870483558356354,1.1509272269442328,0.1399618217205807,557,False,2015.5224944048095
flytip,25,869924.100068935,0.9103159461648177,0.5578405828881812,0.2733882161092629,1.1382572385367788,0.10869073519716244,367,False,2007.9136288415175
