band,irr,lo,hi,p,lsoa_years,lsoas,reports,outcome,n_councils
0-2,1.0,1.0,1.0,,5421,825,10587.0,flytip,212
2-4,1.1785196128072153,0.8008187973696129,1.734360484960278,0.40470819569940275,35766,5385,112176.0,flytip,212
4-6,1.2204876561624654,0.7878208353005705,1.8907726885347453,0.37230565239951585,54293,7996,209472.0,flytip,212
6-8,1.1985659867558842,0.6891921511301378,2.0844120500392136,0.5211678906511397,41787,6216,192870.0,flytip,212
8-10,1.1727346044814466,0.6815466429604685,2.0179197810648253,0.5649998090695403,21647,3609,87759.0,flytip,212
10-12,1.0721687751037696,0.6605218786070968,1.740360038840304,0.7779808090839573,10651,1885,31389.0,flytip,212
12-14,0.9284399648577629,0.5588963523574186,1.5423267028120229,0.7743164872474337,5297,1035,13392.0,flytip,212
14-16,0.7130281876669042,0.4153192593538357,1.2241406699957667,0.21997674762633035,3134,589,5717.0,flytip,212
16-18,0.8986085979302343,0.5151127250024722,1.5676130157146984,0.7065034731791175,2154,413,4853.0,flytip,212
18-20,0.8001268033382527,0.4482091035281761,1.4283576490990335,0.4507456999228281,1335,249,2471.0,flytip,212
20-25,0.7256793105687677,0.400633685356512,1.3144437950067704,0.29009222500906295,1756,337,3314.0,flytip,212
25-30,0.6591090944926377,0.36801260179182915,1.1804617459503262,0.16090930569492934,322,81,410.0,flytip,212
30+,0.03193464655132947,0.011843404649840569,0.08610882432122823,1.0080380974386571e-11,40,11,2.0,flytip,212
0-2,1.0,1.0,1.0,,5421,825,483.0,litter,212
2-4,0.789342533653585,0.44519607715461335,1.3995218453335028,0.41816869286340186,35766,5385,3319.0,litter,212
4-6,0.9690994977805905,0.6530307443361048,1.4381464345195127,0.8761517477739282,54293,7996,11210.0,litter,212
6-8,0.7815530879117435,0.605357636769579,1.0090320037655423,0.05862239385211154,41787,6216,11329.0,litter,212
8-10,0.9144188015450605,0.7439746220137591,1.1239116495073682,0.3952845015604529,21647,3609,9320.0,litter,212
10-12,0.676542961278741,0.5514317289385853,0.8300399749155254,0.00017997780371770133,10651,1885,1409.0,litter,212
12-14,0.4450094907709813,0.31583186946214453,0.6270217353729854,3.689104977722124e-06,5297,1035,375.0,litter,212
14-16,0.37315759251192815,0.23051797046235273,0.604059581862575,6.0413052602292794e-05,3134,589,139.0,litter,212
16-18,0.3847076664778132,0.2319676227854028,0.6380200256814359,0.00021467054021284682,2154,413,114.0,litter,212
18-20,0.4194811707972598,0.31311205557508737,0.5619855560344013,5.810449232868109e-09,1335,249,83.0,litter,212
20-25,0.6122359500910445,0.4364063214931278,0.8589079491365398,0.004503648843720454,1756,337,180.0,litter,212
25-30,0.19464976065239672,0.0742980959462393,0.5099528977088559,0.0008669496055244696,322,81,9.0,litter,212
30+,1.939879386633474e-06,1.2872120961689208e-06,2.923474729522452e-06,0.0,40,11,0.0,litter,212
