comparison,outcome,term,year,irr,lo,hi,p,n_council_years,n_councils_treated,n_councils_comparison,n_authorities_treated,incidents,source,n_lsoa_years,reports
charged vs did not charge,cde,after_ban,2024,1.064522514607875,0.7349633311022021,1.5418567650274952,0.7407891390421066,1694.0,100,184,32.0,310564.0,official counts,,
charged vs did not charge,cde,y2018,2018,1.3104620407522547,0.9990659915084137,1.718916242619496,0.05079004060067427,1977.0,100,184,32.0,366368.0,official counts,,
charged vs did not charge,cde,y2019,2019,1.2457906135182413,0.9946547367100781,1.5603346522669113,0.05570468372538229,1977.0,100,184,32.0,366368.0,official counts,,
charged vs did not charge,cde,y2020,2020,1.2180389271351764,1.0090363296142848,1.4703324196302634,0.04000834993741531,1977.0,100,184,32.0,366368.0,official counts,,
charged vs did not charge,cde,y2021,2021,1.0737753542550723,0.941434570242822,1.2247197498900189,0.28882902477364336,1977.0,100,184,32.0,366368.0,official counts,,
charged vs did not charge,cde,y2023,2023,1.3013384915384067,0.9441344171607489,1.7936872534020996,0.10764706997493145,1977.0,100,184,32.0,366368.0,official counts,,
charged vs did not charge,cde,y2024,2024,1.2368915843499528,0.8389166488837835,1.8236624502223653,0.2831422204127927,1977.0,100,184,32.0,366368.0,official counts,,
charged vs Wales,cde,after_ban,2024,0.921859434409244,0.5425676896319631,1.5663019251769086,0.7635346210794196,732.0,100,22,32.0,96092.0,official counts,,
charged vs did not charge,total,after_ban,2024,0.8830892219315186,0.7602317305642616,1.0258011373884575,0.10380016497713052,1694.0,100,184,32.0,5976910.0,official counts,,
charged vs did not charge,total,y2018,2018,1.1824064227411564,0.926491350607639,1.5090102542485744,0.17815859267919332,1977.0,100,184,32.0,7030020.0,official counts,,
charged vs did not charge,total,y2019,2019,1.1658488696304041,0.9764630339012199,1.391966249237439,0.08976343396470066,1977.0,100,184,32.0,7030020.0,official counts,,
charged vs did not charge,total,y2020,2020,1.0643179555122289,0.9129292337524532,1.2408110821138296,0.4258659755426111,1977.0,100,184,32.0,7030020.0,official counts,,
charged vs did not charge,total,y2021,2021,1.0049748587403782,0.9120786466379073,1.1073326520944198,0.9201201266602757,1977.0,100,184,32.0,7030020.0,official counts,,
charged vs did not charge,total,y2023,2023,1.027323557099949,0.9430147054577757,1.119169918416239,0.5372218572676344,1977.0,100,184,32.0,7030020.0,official counts,,
charged vs did not charge,total,y2024,2024,0.9520358143635004,0.8400319130026853,1.0789735220784116,0.4414714260667689,1977.0,100,184,32.0,7030020.0,official counts,,
charged vs Wales,total,after_ban,2024,0.856790163451675,0.6602119560483699,1.111899561136947,0.24509915267702898,732.0,100,22,32.0,1932339.0,official counts,,
charged vs did not charge,bags_household,after_ban,2024,1.03836069922457,0.6596302167332271,1.6345414663291409,0.870823002711892,1688.0,100,184,32.0,1024903.0,official counts,,
charged vs did not charge,bags_household,y2018,2018,1.1978900504276782,0.6744931452932535,2.1274353682123004,0.5377819256689402,1970.0,100,184,32.0,1205711.0,official counts,,
charged vs did not charge,bags_household,y2019,2019,1.0443601065030026,0.5997039199490076,1.8187108600986022,0.8781141911653734,1970.0,100,184,32.0,1205711.0,official counts,,
charged vs did not charge,bags_household,y2020,2020,1.1765818768281042,0.7130336674710203,1.941486042013027,0.5245315856815878,1970.0,100,184,32.0,1205711.0,official counts,,
charged vs did not charge,bags_household,y2021,2021,1.0667106188927544,0.9574971945557925,1.1883810740421552,0.2412492924381886,1970.0,100,184,32.0,1205711.0,official counts,,
charged vs did not charge,bags_household,y2023,2023,1.2001711356570812,0.9598256462344883,1.5007004246191096,0.1095179081604627,1970.0,100,184,32.0,1205711.0,official counts,,
charged vs did not charge,bags_household,y2024,2024,1.1398576352141068,0.8966648707064965,1.449008956414425,0.28500252143043525,1970.0,100,184,32.0,1205711.0,official counts,,
charged vs Wales,bags_household,after_ban,2024,0.8674281487391929,0.48298792606216223,1.5578683288415431,0.6340272198276484,732.0,100,22,32.0,330101.0,official counts,,
charged vs did not charge,hwrc_type,after_ban,2024,0.8133790691775478,0.6965835010486632,0.9497576517103233,0.009006748077294402,1694.0,100,184,32.0,3317808.0,official counts,,
charged vs did not charge,hwrc_type,y2018,2018,1.0729711638348967,0.7087807727380293,1.6242922532645077,0.739187813495352,1977.0,100,184,32.0,3870036.0,official counts,,
charged vs did not charge,hwrc_type,y2019,2019,1.2281635645294875,0.9565993652446055,1.576820763258689,0.10696582322741888,1977.0,100,184,32.0,3870036.0,official counts,,
charged vs did not charge,hwrc_type,y2020,2020,1.1262246805865113,0.950651684511564,1.3342237244484265,0.1692152637914055,1977.0,100,184,32.0,3870036.0,official counts,,
charged vs did not charge,hwrc_type,y2021,2021,1.0545020614093803,0.9713274807184096,1.1447988650482717,0.20551444404314245,1977.0,100,184,32.0,3870036.0,official counts,,
charged vs did not charge,hwrc_type,y2023,2023,0.8973634753937871,0.7488844337258705,1.0752810055944924,0.2405987986479996,1977.0,100,184,32.0,3870036.0,official counts,,
charged vs did not charge,hwrc_type,y2024,2024,0.8910088444730487,0.7331302304629356,1.0828864067273434,0.24615350720274476,1977.0,100,184,32.0,3870036.0,official counts,,
charged vs Wales,hwrc_type,after_ban,2024,0.8721564441977396,0.6795517810825987,1.1193508490903183,0.2826422690963568,732.0,100,22,32.0,1110962.0,official counts,,
charged vs did not charge,placebo,after_ban,2024,0.9930435766945306,0.7520954478756098,1.3111840365471332,0.9607341077626819,1682.0,100,184,32.0,89781.0,official counts,,
charged vs did not charge,placebo,y2018,2018,1.1186826699662813,0.7982724356205365,1.5676990213373372,0.5147922252032306,1963.0,100,184,32.0,106044.0,official counts,,
charged vs did not charge,placebo,y2019,2019,1.3063740356175595,0.9467852336303927,1.802534577342108,0.1037194141760931,1963.0,100,184,32.0,106044.0,official counts,,
charged vs did not charge,placebo,y2020,2020,1.196890089926591,0.8791069284981444,1.6295468058838154,0.2536276987670021,1963.0,100,184,32.0,106044.0,official counts,,
charged vs did not charge,placebo,y2021,2021,1.080242423474588,0.929520247746702,1.2554042758111519,0.3140644052515964,1963.0,100,184,32.0,106044.0,official counts,,
charged vs did not charge,placebo,y2023,2023,1.261614951083191,1.0640864422656968,1.4958110747164377,0.007472758528461965,1963.0,100,184,32.0,106044.0,official counts,,
charged vs did not charge,placebo,y2024,2024,1.1239104687831125,0.885373065752896,1.426714670573481,0.3371865348053251,1963.0,100,184,32.0,106044.0,official counts,,
charged vs Wales,placebo,after_ban,2024,0.8993267726585523,0.5970891290407142,1.35455261984061,0.6116132230566889,726.0,100,22,32.0,26181.0,official counts,,
charged vs did not charge,construction,after_ban,2024,1.535186895377242,0.7545734048298683,3.1233525971795895,0.23685005573046025,,18,41,,,FixMyStreet,31031.0,33112.0
charged vs did not charge,construction,y2019,2019,0.6780002369665566,0.26193180251914094,1.7549771234560763,0.42321130369533,,18,41,,,FixMyStreet,31031.0,33112.0
charged vs did not charge,construction,y2020,2020,0.8769666354699537,0.40452926238813564,1.901149190511679,0.7394619388889292,,18,41,,,FixMyStreet,31031.0,33112.0
charged vs did not charge,construction,y2021,2021,0.9885459102602713,0.7344966627511712,1.3304662447777067,0.9394089039498397,,18,41,,,FixMyStreet,31031.0,33112.0
charged vs did not charge,construction,y2022,2022,0.9161920991328151,0.8052770273780357,1.042384091405771,0.1836856621853855,,18,41,,,FixMyStreet,31031.0,33112.0
charged vs did not charge,construction,y2024,2024,1.158286066406979,0.8555144754164158,1.5682102993985287,0.34184208146886963,,18,41,,,FixMyStreet,31031.0,33112.0
charged vs did not charge,construction,y2025,2025,1.5836570378567454,0.7963489670780278,3.1493349238029023,0.1899407671626836,,18,41,,,FixMyStreet,31031.0,33112.0
charged vs did not charge,bags,after_ban,2024,2.1196351091021497,1.370741153157645,3.2776815559879613,0.0007301891068831612,,18,41,,,FixMyStreet,36414.0,121487.0
charged vs did not charge,bags,y2019,2019,0.6692209148975314,0.2808439478425173,1.5946814463220114,0.3646171162895262,,18,41,,,FixMyStreet,36414.0,121487.0
charged vs did not charge,bags,y2020,2020,1.3624981041326776,0.6608821992323446,2.8089742558075628,0.4020506428208972,,18,41,,,FixMyStreet,36414.0,121487.0
charged vs did not charge,bags,y2021,2021,1.595380026140986,1.005741063642699,2.530708469425524,0.04722033069998277,,18,41,,,FixMyStreet,36414.0,121487.0
charged vs did not charge,bags,y2022,2022,1.1346866880319464,0.9420699387950222,1.3666860887671821,0.18310087085316074,,18,41,,,FixMyStreet,36414.0,121487.0
charged vs did not charge,bags,y2024,2024,1.5394271367916188,1.2898900861524283,1.8372386414406428,1.74285844289912e-06,,18,41,,,FixMyStreet,36414.0,121487.0
charged vs did not charge,bags,y2025,2025,3.2726524858404726,1.914971790977378,5.592904471773677,1.4494610946824693e-05,,18,41,,,FixMyStreet,36414.0,121487.0
charged vs did not charge,bulky,after_ban,2024,2.361496396379644,1.133238304288606,4.920999589415409,0.021796194775814293,,18,41,,,FixMyStreet,43022.0,123221.0
charged vs did not charge,bulky,y2019,2019,0.5371275872265541,0.186486368183213,1.5470623819344127,0.24951396516234792,,18,41,,,FixMyStreet,43022.0,123221.0
charged vs did not charge,bulky,y2020,2020,0.9550282158661315,0.3914574375389791,2.329956735103868,0.9194526078045888,,18,41,,,FixMyStreet,43022.0,123221.0
charged vs did not charge,bulky,y2021,2021,0.937634464988123,0.5703448377469127,1.5414505957599027,0.7995792164466469,,18,41,,,FixMyStreet,43022.0,123221.0
charged vs did not charge,bulky,y2022,2022,0.8881430781240569,0.7310881576829287,1.0789370870397477,0.23217862904417075,,18,41,,,FixMyStreet,43022.0,123221.0
charged vs did not charge,bulky,y2024,2024,1.4276978277425931,1.059949643895607,1.9230357772936528,0.01912240830900247,,18,41,,,FixMyStreet,43022.0,123221.0
charged vs did not charge,bulky,y2025,2025,2.6133205851913934,1.2105229894711564,5.641730508537205,0.0144215716535534,,18,41,,,FixMyStreet,43022.0,123221.0
charged vs did not charge,n_flytip,after_ban,2024,1.928681936311817,1.0963279603304894,3.392975593119196,0.022660707288107762,,18,41,,,FixMyStreet,52409.0,462330.0
charged vs did not charge,n_flytip,y2019,2019,0.6807508501312459,0.24943244503730075,1.8579047320211801,0.45281737208915285,,18,41,,,FixMyStreet,52409.0,462330.0
charged vs did not charge,n_flytip,y2020,2020,1.040279611150949,0.461858614026087,2.3431016257179627,0.9240596976674564,,18,41,,,FixMyStreet,52409.0,462330.0
charged vs did not charge,n_flytip,y2021,2021,1.0568279403518166,0.6632650814360566,1.683919939053717,0.816112592531238,,18,41,,,FixMyStreet,52409.0,462330.0
charged vs did not charge,n_flytip,y2022,2022,0.9292818609070361,0.7554752137146943,1.1430749299698002,0.48753246899227465,,18,41,,,FixMyStreet,52409.0,462330.0
charged vs did not charge,n_flytip,y2024,2024,1.3809471963579922,1.0959332227411989,1.7400833550415455,0.006205586411227371,,18,41,,,FixMyStreet,52409.0,462330.0
charged vs did not charge,n_flytip,y2025,2025,2.2126413651319203,1.1789588671737743,4.1526315692668065,0.013415315480793444,,18,41,,,FixMyStreet,52409.0,462330.0
charged vs did not charge,construction as share of all reports,after_ban,2024,1.0038369196078252,0.7704604887680181,1.3079042674583374,0.977368951602287,,18,41,,,FixMyStreet,23838.0,33112.0
charged vs did not charge,construction as share of all reports,y2019,2019,0.9625378603783278,0.624923346364774,1.4825484406224987,0.8624510783819421,,18,41,,,FixMyStreet,23838.0,33112.0
charged vs did not charge,construction as share of all reports,y2020,2020,0.8948815385262803,0.6626808213088258,1.2084444611110357,0.4686627567306809,,18,41,,,FixMyStreet,23838.0,33112.0
charged vs did not charge,construction as share of all reports,y2021,2021,1.0512390996169185,0.8966973408475701,1.2324154363152575,0.5379261866006662,,18,41,,,FixMyStreet,23838.0,33112.0
charged vs did not charge,construction as share of all reports,y2022,2022,1.014391302749176,0.9044788323408847,1.1376603611939031,0.8070772157271433,,18,41,,,FixMyStreet,23838.0,33112.0
charged vs did not charge,construction as share of all reports,y2024,2024,0.9565628426930706,0.8171645764675921,1.119740745464554,0.5805224229231867,,18,41,,,FixMyStreet,23838.0,33112.0
charged vs did not charge,construction as share of all reports,y2025,2025,1.027861382191213,0.8982181113630656,1.17621656436739,0.6895261238513672,,18,41,,,FixMyStreet,23838.0,33112.0
charged vs did not charge,bags as share of all reports,after_ban,2024,0.9791254644431365,0.8927010931771767,1.0739167706280772,0.6545563962987702,,18,41,,,FixMyStreet,26742.0,121487.0
charged vs did not charge,bags as share of all reports,y2019,2019,0.7045340669929531,0.5581443972173171,0.8893187032393817,0.003208010216160684,,18,41,,,FixMyStreet,26742.0,121487.0
charged vs did not charge,bags as share of all reports,y2020,2020,0.980769961863733,0.8795702668180139,1.0936132727337984,0.7267424348494287,,18,41,,,FixMyStreet,26742.0,121487.0
charged vs did not charge,bags as share of all reports,y2021,2021,1.2629574084883373,1.1744196008453331,1.3581699543395485,3.062980979962049e-10,,18,41,,,FixMyStreet,26742.0,121487.0
charged vs did not charge,bags as share of all reports,y2022,2022,1.1399638589019487,1.0891487057745735,1.1931498359339645,1.7965395171515297e-08,,18,41,,,FixMyStreet,26742.0,121487.0
charged vs did not charge,bags as share of all reports,y2024,2024,0.9809218689271675,0.9114471327920224,1.0556922923132694,0.607286291166306,,18,41,,,FixMyStreet,26742.0,121487.0
charged vs did not charge,bags as share of all reports,y2025,2025,1.0732812803172418,0.9090102872141658,1.2672383611958162,0.40404794736939076,,18,41,,,FixMyStreet,26742.0,121487.0
charged vs did not charge,bulky as share of all reports,after_ban,2024,1.0980255752387398,0.9357503461340434,1.2884421243972033,0.2517481203318215,,18,41,,,FixMyStreet,29326.0,123221.0
charged vs did not charge,bulky as share of all reports,y2019,2019,0.876464386721202,0.5851031093710818,1.3129135854640868,0.5224703743254977,,18,41,,,FixMyStreet,29326.0,123221.0
charged vs did not charge,bulky as share of all reports,y2020,2020,1.0353946682134734,0.9226250779399041,1.1619477343479676,0.5543874946406238,,18,41,,,FixMyStreet,29326.0,123221.0
charged vs did not charge,bulky as share of all reports,y2021,2021,0.9520415427321397,0.7973271006490535,1.1367769869479707,0.587014333795266,,18,41,,,FixMyStreet,29326.0,123221.0
charged vs did not charge,bulky as share of all reports,y2022,2022,1.0053382779696525,0.9227736679436299,1.0952903060219614,0.9030805119612175,,18,41,,,FixMyStreet,29326.0,123221.0
charged vs did not charge,bulky as share of all reports,y2024,2024,1.0352320472504188,0.973658479595763,1.1006994897217317,0.26840228129253063,,18,41,,,FixMyStreet,29326.0,123221.0
charged vs did not charge,bulky as share of all reports,y2025,2025,1.1210137249534653,1.0258407441251922,1.2250164352807973,0.011615463836045059,,18,41,,,FixMyStreet,29326.0,123221.0
