wda,nation,charging,domains,domains_charging,example
Barnsley,England,False,1,0,
Bath and North East Somerset,England,False,1,0,
Bedford,England,False,1,0,
Bexley,England,True,1,1,"ay and new year's day price list material price per tonne general (mixed) waste £244 green (garden) waste £105 wood waste £120 paper and cardboard free* construction waste (hardcore) £62.40 * single loads only, at the discretion of site staff prices a"
Birmingham,England,False,1,0,
Blackburn with Darwen,England,False,1,0,
Blackpool,England,True,1,1,"arge of £12.50 you will need to mercial-type vehicle or to get rid of hardcore, rubble, soil or plasterboard. permits allow you one visit per month for 12 months and will be subject to an administration charge of £12.50 you will need to apply for your permit at least 5 working days before"
Blaenau Gwent,Wales,False,1,0,
"Bournemouth, Christchurch and Poole",England,True,1,1,"ask a site employee for advice. can i take items and materials that are usually charged for i.e. soil, rubble? yes. however, you will only be able to pay using a card / contactless "
Bracknell Forest,England,False,1,0,
Bradford,England,False,1,0,"will be made, read our household waste recycling centre policy . items that are charged for include: plast core metal oil paint paper plasterboard (chargeable) plastics polystyrene shoes textiles tyres (chargeable) wood send l"
Bridgend,Wales,False,1,0,
Brighton and Hove,England,False,1,0,
"Bristol, City of",England,False,1,0,
Bromley,England,False,1,0," waste can be taken to the reuse and recycling centre during the opening times. soil, brick, diy, rubble and construction waste may be disposed of for a fee according to weight. as the centre can be extremely busy at weekends and before"
Buckinghamshire,England,True,1,1, take to a household recycling centre what you can't take to a recycling centre fees for non-household waste find your nearest household recycling centre when you need a  nts visitin
Caerphilly,Wales,True,1,1,"on, demolition and hazardous waste to household waste recycling centres such as soil, stones, windows, doors, bathroom suites, fitted kitchens for example. charges are as follo r vans and trailers delivering construction, demolition and hazard"
Calderdale,England,False,1,0,"onsideration will be given whether to extend the scheme across the borough. new charges are also being introduced for disposing of plasterboard, hardcore and rubble from monday 3 december. these materials are difficult and "
Cambridgeshire,England,False,4,0,
Cardiff,Wales,False,1,0,
Central Bedfordshire,England,False,1,0,
Ceredigion,Wales,False,1,0,
Cheshire East,England,True,1,1,"s, macclesfield and pyms lane crewe. from 15 january 2018 there will be a small charge for plasterboard . you must remove anything attached to the plasterboard for example tiles and i"
Cheshire West and Chester,England,False,1,0,
Conwy,Wales,True,1,1," take to the household recycling centre please note - if you want to get rid of diy or construction waste , there is a charge for this. you will need to pay for this when you arrive at the household recycl"
Cornwall,England,False,1,0,other materials. £4.50  bestos must be double wrapped/bagged in strong plastic. £10.30 per sheet or bag £10.80 per sheet or bag plasterboard including gypsum related products we can only take plasterboard if it’s separat
County Durham,England,False,1,0,
Coventry,England,False,1,0,
Croydon,England,False,1,0,
Cumberland,England,False,1,0,
Darlington,England,False,1,0,
Denbighshire,Wales,True,1,1," is fixed to the ground, it will generally not be household waste. the relevant charges are tabled below: diy waste charges (recycling and waste parks) materials charge description hardcore"
Derby,England,False,1,0,
Derbyshire,England,False,7,0,
Devon,England,True,7,2,"£11.70 each collections made from inside your garden, shed or garage collection charge per item* £21.30 £11.70 each * the following diy items are subject to additional disposal charges: soil and rubble includes bric"
Doncaster,England,False,1,0,
Dorset,England,True,1,1,"not come from the day to day running of a household, the introduction of modest charges has enabled us to continue providing disposal outlets for the materials outlined below. charges apply as follows: hardcore and rubble - £1.50 per bag* or item charged for bricks blocks slates tiles rubb"
Dudley,England,True,1,1,le/concrete household waste large branches/tree stumps paper/cardboard plastics soil/stones wire/nails frequently asked questions what is on offer and how much? the £30 one-off charge covers six extra collections over the  ousehold waste large bra
East London,England,False,3,0,
East Riding of Yorkshire,England,False,1,0,
East Sussex,England,True,4,1," at lewes and mountfield will still be open at the times they’re most used, and charging for items such as tyres and hardcore means we can make the savings we need to make while continuing to accept these "
Essex,England,False,13,0,
Flintshire,Wales,False,1,0,
Gateshead,England,False,1,0,
Gloucestershire,England,False,5,0,
Greater Manchester,England,False,10,0,
Gwynedd,Wales,False,1,0,
Halton,England,False,1,0,
Hampshire,England,True,11,2,inute or part. £0.35 waiting time tariff 3 - each period of one minute or part. £1 for each person in excess of four travelling in a multi-seater and london taxi-type vehicle £65 soiling charge. card payment some taxis accept credit or d tariff 3 - each period of
Hartlepool,England,False,1,0,
"Herefordshire, County of",England,False,1,0,
Hertfordshire,England,False,10,0,
Isle of Anglesey,Wales,False,1,0,
Isles of Scilly,England,False,1,0,
Kent,England,False,11,0,
"Kingston upon Hull, City of",England,False,1,0,
Kingston upon Thames,England,False,1,0,
Kirklees,England,False,1,0,
Lancashire,England,False,10,0,
Leeds,England,True,1,1,"household rubbish at their local waste sorting site in leeds will need to pay a charge. the charge will only be made for items not considered to be regular household waste, such as rubble, plasterboard, soil and also tyres. other waste can still be disposed of in the"
Leicester,England,False,1,0,
Leicestershire,England,True,6,1,e notification home environment and planning waste and recycling waste disposal charges and terms there is a charge to dispose of some types of non-household waste at all recycling and household waste sites in leicestershire go to: waste
Lewisham,England,False,1,0,"here is a fixed charge for every visit by non-residents. in bexley, you will be charged £10 a visit. in bromley, you will be charged £3 a visit for household waste. bromley may also accept soil, brick, diy, rubble and construction waste for a for every visit by non-residen"
Lincolnshire,England,False,7,0,
Luton,England,False,1,0,
Medway,England,False,1,0,
Merseyside,England,False,6,0,
Merthyr Tydfil,Wales,False,1,0,
Monmouthshire,Wales,False,1,0,
Newcastle upon Tyne,England,False,1,0, be turned away. the waste vegetation is processed at sandhills and turned into soil conditioner which conforms to pas100:2018 standards . disposal fee t d rubble. vehicles with loads not meeting the quality rules will be turned aw
Norfolk,England,True,6,2,nd council powered by goss icm   breckland council - 10/01/20: fly-tipper fined £600 for leaving diy waste in thetford forest log in to my account register search [x] residents pla
North East Lincolnshire,England,False,1,0,
North Lincolnshire,England,True,1,1," email wastemanagement@northlincs.gov.uk or call 01724 297848 for more details. fees and charges it is free to dispose of most items. we have to charge to dispose of plasterboard, soil, ceramics, hardcore and rubble and tyres : £4 per bucket or bag £4 per si"
North London,England,False,4,0,
North Northamptonshire,England,True,1,1,"d waste recycling centres find your nearest recycling centre, opening times and charges for non-household waste. household waste recycling centres find out what you can recycle at our h"
North Somerset,England,False,1,0,"ulations 2012, schedule 1, part 3 classes construction and demolition waste (or diy waste, as we refer to it) as industrial waste, and not household waste, and therefore we can make a charge for it. please note our recycling centres charge small processing fee for diy m"
North Tyneside,England,False,1,0,
North Yorkshire,England,True,1,1," be made via debit or credit card. no cash or cheques will be accepted on site. charges for hardcore, rubble and plasterboard the charges for disposal of hardcore, rubble and plast"
Northumberland,England,False,1,0,
Nottingham,England,True,1,1,"ete for example: whole paving slabs concrete posts and lintels or gravel boards charge: £3 + vat per slab, post or lintel. rubble or hardcore for example: bricks (broken or whole) blocks (broken or whole) brok"
Nottinghamshire,England,False,8,0,
Oxfordshire,England,True,5,1, boilers take to redbridge household waste recycling centre bricks and building rubble take to redbridge household waste recycling centre . please note there may be a charge car parts contact oxfordshire county council on 01865 816043 for advice cardboa
Pembrokeshire,Wales,False,1,0,
Peterborough,England,False,1,0,
Plymouth,England,True,1,1,", concrete, drainage pipes (ceramic/porcelain), gravel, hardcore, paving slabs, rubble, sand, bathroom suites, soil, slates/slabs, stones, tarmac, tiles (ceramic, porcelain, floor, roof, wall) and turf. £2.40 per bag or item £60 for loose material presented in a small trailer (trailer"
Portsmouth,England,True,1,1,"0 visits a year. users tend to be well-educated, environmentally aware and keen diy-ers. advertising boards on entrance to site specification: 8 boards 1,000 x 700mm booking period: one year rates: £600 for one board, £1,000 for two (you can pay in monthly installments of £50 art"
Redcar and Cleveland,England,True,1,1,"rubble sack) up to 25kg per bag. important information about charges all of the charges liste per bag)* 1x 25kg bag or equivalent £3.20 (incl. vat) all charges are per bag (a standard, manageable rubble sack) up to 25kg per bag. important information about charges all of the charge"
Rhondda Cynon Taf,Wales,False,1,0,
Rotherham,England,False,1,0,
Rutland,England,False,1,0,
Sandwell,England,False,1,0,
Sheffield,England,False,1,0,
Shropshire,England,False,1,0,
Slough,England,True,1,1,"to be disposed of at the waste transfer station where a charge is calculated at £155 per ton, with a minimum charge of £27.96. please contact a site attendant before you dispose of any diy or demolition waste. if you are having difficulty disposing of certain items, p"
Solihull,England,False,1,0,
Somerset,England,False,1,0,
South Gloucestershire,England,False,1,0,
South Tyneside,England,False,1,0,
Southampton,England,False,1,0,
Southend-on-Sea,England,False,1,0,
Staffordshire,England,True,7,1,ley stafford stone uttoxeter wombourne recycling centres (tips) overview what's charged for? charges have been introduced for certain non-household waste items. further information can be found on the disposal charges webpage. 
Stockton-on-Tees,England,False,1,0,
Stoke-on-Trent,England,True,1,1,"to 4.30pm bank holidays 8am to 4.30pm what items do we charge to dispose of? we charge to get rid of some items at our tips. payment by debit card only . type of waste charge what does it include? soil and hardcore £3 per bag or large item rubble bricks, concrete (breeze blocks, p"
Suffolk,England,True,6,2,"xhall - foxhall road, brightwell, ip10 0ht stowmarket - old bury road, ip14 1jq plasterboard is not classed as a household waste product (according to the controlled waste regulations) and therefore a small charge will be made to dispose of this type of waste. in this section a to z of recycl"
Sunderland,England,False,1,0,
Surrey,England,True,10,1,in the week. and we’ll also have to end the free daily allowance for residents’ construction waste. “we are finalising the plans at the moment but it is clear that we’ll not now be able to achieve all of the hoped-for £2million savings. and with the council having to find more than £100million of sa
Sutton,England,True,1,1,ir usage and vehicle a times permits and accepted id covid-19 site restrictions rubble charging policy book your visit to the household reuse and recycling centre (hrrc) at ki
Swansea,Wales,False,1,0,
Telford and Wrekin,England,False,1,0,
Thurrock,England,False,1,0,
Torbay,England,True,1,1,here a member of staff will help you pay. read the full press release about the charges being introduced. waste charges type of waste minimum charge clean plasterboard: includes plaster and gypsum related products. £4.80 per sheet/bag (but £8.70 p
Torfaen,Wales,False,1,0,
Tower Hamlets,England,False,1,0,
Vale of Glamorgan,Wales,False,1,0,"ermits are limited to one per applicant per month and are non refundable. cost: £15 our civic amenity sites. small quantities of gypsum such as plasterboard, plaster and other gypsum products produced from home diy may be accepted at at"
Wakefield,England,False,1,0,
Warrington,England,False,1,0,
Warwickshire,England,False,6,0,
West Berkshire,England,True,1,1,g centre book an appointment to visit newtown road or padworth recycling centre non-household waste charges at recycling centres charges to dispose non-household waste including soil and 
West London,England,True,5,3,ently must be checked by staff on the site. mixed loads of waste (household and diy/building waste) are classified as fully chargeable – any waste tipped from a mixed load will be charged for. waste cannot be separated on-site into chargeable and non-chargeable waste
West Northamptonshire,England,True,1,1,"d waste recycling centres find your nearest recycling centre, opening times and charges for non-household waste. household waste recycling centres what you can recycle find out what you"
West Sussex,England,False,7,0,
Western Riverside,England,False,1,0,
Westmorland and Furness,England,False,1,0,
Wigan,England,False,2,0,
Wiltshire,England,False,1,0,
Windsor and Maidenhead,England,False,1,0,
Wolverhampton,England,False,1,0,
Worcestershire,England,True,7,1," - ask staff for help if you are unsure. garden or green waste is recycled into soil conditioner. greengrow© soil conditioner is available at the site for £2 a bag. recycling skips where you can recycle scrap metal - bicycles, cookers, m"
York,England,False,1,0,
