model,outcome,term,irr,lo,hi,p,n,event_time,n_treated,spec
event study,total,ev_m4,1.0414056451107694,0.764484050284749,1.4186374683220953,0.7969923431436092,2959,-4,30,"first rise of 1+ min, never-moved controls"
event study,total,ev_m3,0.9427127376456931,0.7658931547352646,1.16035415674478,0.5777638024694576,2959,-3,30,"first rise of 1+ min, never-moved controls"
event study,total,ev_m2,1.1288003057798859,0.9146892077116167,1.3930306814448508,0.25888550820526723,2959,-2,30,"first rise of 1+ min, never-moved controls"
event study,total,ev_p0,0.808387385652497,0.7033488193614958,0.9291124791754412,0.002741224182293056,2959,0,30,"first rise of 1+ min, never-moved controls"
event study,total,ev_p1,0.7738631715831974,0.6843089465136267,0.8751371896916736,4.3969083102890494e-05,2959,1,30,"first rise of 1+ min, never-moved controls"
event study,total,ev_p2,0.8061476725918436,0.6896446426406273,0.9423317892195888,0.006813021602908087,2959,2,30,"first rise of 1+ min, never-moved controls"
event study,total,ev_p3,0.801853807866167,0.6675837515465113,0.9631293866874102,0.01818701710648951,2959,3,30,"first rise of 1+ min, never-moved controls"
event study,total,ev_p4,0.8883879163241628,0.704570976727738,1.1201612271005663,0.3170177311930895,2959,4,30,"first rise of 1+ min, never-moved controls"
event study,hwrc_type,ev_m4,0.9868350689910446,0.7205140290910894,1.3515954083767654,0.9341853315161683,2958,-4,30,"first rise of 1+ min, never-moved controls"
event study,hwrc_type,ev_m3,0.9113704580306632,0.7260346762883446,1.144017137056343,0.4236648086585806,2958,-3,30,"first rise of 1+ min, never-moved controls"
event study,hwrc_type,ev_m2,1.0567610099081899,0.8805804494618829,1.2681905812746723,0.5529758556034503,2958,-2,30,"first rise of 1+ min, never-moved controls"
event study,hwrc_type,ev_p0,0.8020521919944918,0.6639904204606977,0.968820782439656,0.02209960362142871,2958,0,30,"first rise of 1+ min, never-moved controls"
event study,hwrc_type,ev_p1,0.7656112610243574,0.6511123436227021,0.9002449558028458,0.0012314245651088296,2958,1,30,"first rise of 1+ min, never-moved controls"
event study,hwrc_type,ev_p2,0.8159106399623471,0.6795985949782277,0.9795637856271526,0.029154873668099546,2958,2,30,"first rise of 1+ min, never-moved controls"
event study,hwrc_type,ev_p3,0.790189016501405,0.6431146248954205,0.9708979669075225,0.025021448450910366,2958,3,30,"first rise of 1+ min, never-moved controls"
event study,hwrc_type,ev_p4,0.8708168135219099,0.6634697554292539,1.1429638148642225,0.3187969692290844,2958,4,30,"first rise of 1+ min, never-moved controls"
event study,bags_household,ev_m4,1.7569087810044313,1.0028570663659417,3.0779346013444076,0.04884147001220418,2958,-4,30,"first rise of 1+ min, never-moved controls"
event study,bags_household,ev_m3,1.3103040943067608,0.8607518865569265,1.9946477566546845,0.2074584680215752,2958,-3,30,"first rise of 1+ min, never-moved controls"
event study,bags_household,ev_m2,1.4525938258072244,0.9738025923320358,2.1667931872313355,0.067266695258414,2958,-2,30,"first rise of 1+ min, never-moved controls"
event study,bags_household,ev_p0,0.8130048419876915,0.6729070272822847,0.9822707243301698,0.031922387453074075,2958,0,30,"first rise of 1+ min, never-moved controls"
event study,bags_household,ev_p1,0.7902401912721757,0.6546915538064628,0.9538530874135743,0.014202181035294803,2958,1,30,"first rise of 1+ min, never-moved controls"
event study,bags_household,ev_p2,0.8297761527593297,0.5967476713957307,1.1538016764735386,0.26724711713716864,2958,2,30,"first rise of 1+ min, never-moved controls"
event study,bags_household,ev_p3,0.896843359544273,0.5795426556641824,1.3878668009982136,0.6250439943468167,2958,3,30,"first rise of 1+ min, never-moved controls"
event study,bags_household,ev_p4,1.136282282477545,0.7866864371106611,1.6412351409215389,0.49584047668625875,2958,4,30,"first rise of 1+ min, never-moved controls"
event study,cde,ev_m4,0.8868427655764305,0.5973493315458259,1.3166334158606414,0.5514238547166199,2958,-4,30,"first rise of 1+ min, never-moved controls"
event study,cde,ev_m3,0.7727208182521251,0.5910419579949941,1.0102454739182676,0.05936772951181157,2958,-3,30,"first rise of 1+ min, never-moved controls"
event study,cde,ev_m2,1.0715312983534546,0.8180494759690206,1.4035573117273428,0.6158929726836535,2958,-2,30,"first rise of 1+ min, never-moved controls"
event study,cde,ev_p0,0.7890630787104045,0.6662133366438135,0.9345663137284534,0.006074231111063755,2958,0,30,"first rise of 1+ min, never-moved controls"
event study,cde,ev_p1,0.7273256744422657,0.5453183184723635,0.9700804443628943,0.03025589693108155,2958,1,30,"first rise of 1+ min, never-moved controls"
event study,cde,ev_p2,0.7411140321864094,0.5910254456650261,0.9293170247273841,0.0094614178562904,2958,2,30,"first rise of 1+ min, never-moved controls"
event study,cde,ev_p3,0.7178796396447055,0.5766258201043879,0.8937358665678845,0.0030271751843455874,2958,3,30,"first rise of 1+ min, never-moved controls"
event study,cde,ev_p4,0.7655009370690865,0.5890537274857227,0.9948017596881308,0.04560975139099166,2958,4,30,"first rise of 1+ min, never-moved controls"
event study,placebo,ev_m4,0.802925575961125,0.5736817450275631,1.1237754837423486,0.20066325682135222,2941,-4,30,"first rise of 1+ min, never-moved controls"
event study,placebo,ev_m3,0.7107757767726886,0.4530830410357492,1.1150322547759126,0.13726611349575113,2941,-3,30,"first rise of 1+ min, never-moved controls"
event study,placebo,ev_m2,0.9245294577355097,0.7203627977742562,1.186561439404835,0.537652609519411,2941,-2,30,"first rise of 1+ min, never-moved controls"
event study,placebo,ev_p0,0.9428217463611819,0.7559615019658451,1.1758705213161909,0.601361265954566,2941,0,30,"first rise of 1+ min, never-moved controls"
event study,placebo,ev_p1,0.7938276834133381,0.5921048392976886,1.0642750221410777,0.1226973728650238,2941,1,30,"first rise of 1+ min, never-moved controls"
event study,placebo,ev_p2,0.8740342519361067,0.6092445604112319,1.2539067612550585,0.4646636578866672,2941,2,30,"first rise of 1+ min, never-moved controls"
event study,placebo,ev_p3,0.9268724143720297,0.6390120080053646,1.3444074004265398,0.6889900294208164,2941,3,30,"first rise of 1+ min, never-moved controls"
event study,placebo,ev_p4,0.878228761784985,0.5779917048104605,1.334423576683188,0.5429543242948518,2941,4,30,"first rise of 1+ min, never-moved controls"
event study,total,ev_m4,0.9714362750025881,0.8374080075011462,1.1269159453190594,0.7020283344100153,3218,-4,17,verified closures
event study,total,ev_m3,1.0773891677263165,0.8680474909519024,1.337216489688952,0.49889300160996486,3218,-3,17,verified closures
event study,total,ev_m2,1.2133744246525688,0.9127370273549039,1.6130357926505812,0.18304844478384763,3218,-2,17,verified closures
event study,total,ev_p0,0.8126183618186265,0.6737571662584957,0.9800988175485124,0.02998768960135978,3218,0,17,verified closures
event study,total,ev_p1,0.8013077990855061,0.6479584793717468,0.9909495890814255,0.04096451996538475,3218,1,17,verified closures
event study,total,ev_p2,0.8345237582048692,0.6554826960448579,1.062468784013055,0.14205241412166103,3218,2,17,verified closures
event study,total,ev_p3,0.9059004034594004,0.7024070069023096,1.168347600356499,0.44645064438425086,3218,3,17,verified closures
event study,total,ev_p4,0.9335676966548815,0.7452328028202153,1.1694984989110293,0.5498563191214534,3218,4,17,verified closures
event study,hwrc_type,ev_m4,0.9497969540086187,0.7486345732911724,1.2050128140330805,0.6714341046775376,3217,-4,17,verified closures
event study,hwrc_type,ev_m3,1.0468016859012725,0.8138410251909141,1.3464469542423112,0.7217404929830038,3217,-3,17,verified closures
event study,hwrc_type,ev_m2,1.0825638576799796,0.8352955782773924,1.403029701619909,0.5487376445600167,3217,-2,17,verified closures
event study,hwrc_type,ev_p0,0.8522759301900154,0.7538265701610266,0.963582725700546,0.010699844438206263,3217,0,17,verified closures
event study,hwrc_type,ev_p1,0.8701302614030217,0.707377942709192,1.0703283578642075,0.18793785667868113,3217,1,17,verified closures
event study,hwrc_type,ev_p2,0.9169133361276719,0.7610469266764802,1.1047020052236147,0.36150606069171376,3217,2,17,verified closures
event study,hwrc_type,ev_p3,0.9486263496680273,0.7796692142614253,1.1541971067011374,0.5981850160189497,3217,3,17,verified closures
event study,hwrc_type,ev_p4,0.9790404698310866,0.7718077325617009,1.241915831013584,0.8614240902716674,3217,4,17,verified closures
event study,bags_household,ev_m4,1.3268925928285893,1.0390009687111512,1.694554678892553,0.023414516171791355,3217,-4,17,verified closures
event study,bags_household,ev_m3,1.6252236566147165,1.0051571851799117,2.627799883405636,0.04759323971461127,3217,-3,17,verified closures
event study,bags_household,ev_m2,1.8648320440269155,1.3344360253611929,2.606043666640609,0.0002625517697483204,3217,-2,17,verified closures
event study,bags_household,ev_p0,0.7922674608173002,0.5859906460404004,1.0711565683023159,0.13020835538639686,3217,0,17,verified closures
event study,bags_household,ev_p1,0.7375528917150821,0.5202481552007898,1.0456245978754675,0.08736460405565616,3217,1,17,verified closures
event study,bags_household,ev_p2,0.7599464303354798,0.43234385329740915,1.3357853305303349,0.3401259242126884,3217,2,17,verified closures
event study,bags_household,ev_p3,1.0424737165079523,0.5627805620778468,1.9310394189833038,0.8947840229791142,3217,3,17,verified closures
event study,bags_household,ev_p4,1.1287556536935115,0.7245584641802156,1.75843550069711,0.5923115668343417,3217,4,17,verified closures
event study,cde,ev_m4,0.8153938307487167,0.5853443995698075,1.135856257806009,0.22752574199500009,3217,-4,17,verified closures
event study,cde,ev_m3,0.864459715844359,0.6121602395607275,1.2207434459545248,0.40812434925995333,3217,-3,17,verified closures
event study,cde,ev_m2,1.0426838465876085,0.6677864899515719,1.6280497139341272,0.8541252551901117,3217,-2,17,verified closures
event study,cde,ev_p0,0.7234833434877284,0.5839488440177378,0.8963595932528001,0.003067707700042721,3217,0,17,verified closures
event study,cde,ev_p1,0.6531733029453913,0.409115737169612,1.0428231547194593,0.07436996269822438,3217,1,17,verified closures
event study,cde,ev_p2,0.7441446051795898,0.5109906732069082,1.0836816060508896,0.12332863468137312,3217,2,17,verified closures
event study,cde,ev_p3,0.791774186556674,0.5674361867822248,1.1048050461013017,0.1695594408090435,3217,3,17,verified closures
event study,cde,ev_p4,0.779318764072827,0.5721298171574669,1.0615383394164917,0.11381732336005768,3217,4,17,verified closures
event study,placebo,ev_m4,0.8256764569156783,0.5882548957860485,1.1589221209861058,0.26813805289353887,3200,-4,17,verified closures
event study,placebo,ev_m3,0.7654947479442418,0.4989068344796125,1.1745323347623213,0.22114748511315563,3200,-3,17,verified closures
event study,placebo,ev_m2,0.960163499894408,0.8222425021961243,1.1212190370445974,0.6073770559603686,3200,-2,17,verified closures
event study,placebo,ev_p0,0.9943462546802224,0.7939520377657528,1.245320154324358,0.9606192927343169,3200,0,17,verified closures
event study,placebo,ev_p1,0.9103705858844238,0.6811579247973606,1.2167143234663287,0.5257334714112718,3200,1,17,verified closures
event study,placebo,ev_p2,0.7729015065474069,0.5297435078544476,1.1276716561241684,0.18136109659723854,3200,2,17,verified closures
event study,placebo,ev_p3,0.9610419448764945,0.6874433306547652,1.3435312826910368,0.816176411228204,3200,3,17,verified closures
event study,placebo,ev_p4,0.7908407622122995,0.5703381111705839,1.0965935800658246,0.15940136518069847,3200,4,17,verified closures
