outcome,spec,term,irr,lo,hi,p,n_lsoa_years,n_lsoas,n_councils,n_reports
flytip,drive time only,t_hwrc_5,0.9871504949843504,0.856603958196184,1.1375923382374455,0.8581721041428247,183799,27056,212,674572
flytip,plus housing and cars,t_hwrc_5,0.9291189147673978,0.807721127802708,1.0687623835307245,0.3034263200973908,183799,27056,212,674572
flytip,plus housing and cars,private_rent_10,1.151559847662735,1.0733688790129179,1.2354467403307876,8.369212044412322e-05,183799,27056,212,674572
flytip,plus housing and cars,no_car_10,1.2312818621933135,1.1123724478759958,1.3629023507918094,5.938855535880805e-05,183799,27056,212,674572
flytip,plus housing and cars,log_density,0.7046915624611276,0.6557644210337908,0.7572691995412735,0.0,183799,27056,212,674572
flytip,plus housing and cars,rural,1.1387286823392964,0.810754067169558,1.599378978768666,0.4535186056999141,183799,27056,212,674572
flytip,plus landfill and transfer,t_hwrc_5,0.9621698063011308,0.8302595047933867,1.1150378054243861,0.6082223117568057,183799,27056,212,674572
flytip,plus landfill and transfer,private_rent_10,1.1499888926875033,1.0725943222813326,1.2329679785101044,8.442189442359194e-05,183799,27056,212,674572
flytip,plus landfill and transfer,no_car_10,1.222876783608773,1.1158848587236343,1.3401271790709934,1.653051608641043e-05,183799,27056,212,674572
flytip,plus landfill and transfer,log_density,0.7015174619724767,0.6523792096150133,0.7543568866069822,0.0,183799,27056,212,674572
flytip,plus landfill and transfer,rural,1.2481322448923795,0.9171008309308178,1.6986508442686246,0.15864687494380147,183799,27056,212,674572
flytip,plus landfill and transfer,t_landfill_10,0.7890120274049848,0.6921283563526259,0.8994574108628955,0.0003921865665326152,183799,27056,212,674572
flytip,plus landfill and transfer,t_transfer_5,0.9040196158880454,0.7780570552830275,1.0503747255567064,0.18749296887511746,183799,27056,212,674572
flytip,drive-time bands (vs under 5 min),band_b10_15,0.8746707852967417,0.7475388920972387,1.0234236515845418,0.09470937569857552,183799,27056,212,674572
flytip,drive-time bands (vs under 5 min),band_b15_20,0.84669466536911,0.6568178405773132,1.091462216882528,0.19897230344225747,183799,27056,212,674572
flytip,drive-time bands (vs under 5 min),band_b20p,0.6647950332780155,0.4763079117840881,0.9278712894264419,0.01639134533937381,183799,27056,212,674572
flytip,drive-time bands (vs under 5 min),band_b5_10,1.0636046895285634,0.8968937463098506,1.2613031813874818,0.4783626077445282,183799,27056,212,674572
flytip,drive-time bands (vs under 5 min),private_rent_10,1.1514731985444842,1.0739940158537291,1.2345418199674985,7.230076071129687e-05,183799,27056,212,674572
flytip,drive-time bands (vs under 5 min),no_car_10,1.23724150091318,1.120393010197769,1.3662764026988095,2.599541599646038e-05,183799,27056,212,674572
flytip,drive-time bands (vs under 5 min),log_density,0.7025976950878529,0.6537716605934215,0.7550702346055937,0.0,183799,27056,212,674572
flytip,drive-time bands (vs under 5 min),rural,1.153847788477883,0.8545123759655985,1.5580403004355086,0.3503460968963654,183799,27056,212,674572
flytip,same neighbourhood over time,t_hwrc_5,1.213962230528589,1.0268134996501779,1.4352209993850091,0.023222390536197457,146508,27056,212,674572
litter,drive time only,t_hwrc_5,0.7900779025071656,0.643680482591221,0.9697716629797902,0.024223094426186753,11822,2845,22,66416
litter,plus housing and cars,t_hwrc_5,0.8319706405217189,0.690002717668268,1.003148435457171,0.05397089568803559,11822,2845,22,66416
litter,plus housing and cars,private_rent_10,1.126702671618552,1.0398105623130638,1.2208559484224366,0.003575350985285164,11822,2845,22,66416
litter,plus housing and cars,no_car_10,1.20950226464835,1.1057570038575442,1.3229812002872499,3.22219350363806e-05,11822,2845,22,66416
litter,plus housing and cars,log_density,0.7468379370970649,0.6798342497484628,0.8204454313588526,1.1531544608089916e-09,11822,2845,22,66416
litter,plus housing and cars,rural,0.5742691237716849,0.4640010226425044,0.7107420251777892,3.4176464280832874e-07,11822,2845,22,66416
litter,plus landfill and transfer,t_hwrc_5,0.903964743609,0.7264827922121353,1.124806074483694,0.3652706490988351,11822,2845,22,66416
litter,plus landfill and transfer,private_rent_10,1.1335195306985575,1.0466247560471302,1.2276286405910501,0.002070848675866932,11822,2845,22,66416
litter,plus landfill and transfer,no_car_10,1.1806280127696134,1.083369167879229,1.2866182146063365,0.0001533354178966384,11822,2845,22,66416
litter,plus landfill and transfer,log_density,0.7313263478775632,0.6792779220988212,0.7873628888855989,0.0,11822,2845,22,66416
litter,plus landfill and transfer,rural,0.5950835099817481,0.47719573941444027,0.7420946052174272,4.06438661348929e-06,11822,2845,22,66416
litter,plus landfill and transfer,t_landfill_10,0.9420527243520587,0.859470012192729,1.0325704479147428,0.20221265617200146,11822,2845,22,66416
litter,plus landfill and transfer,t_transfer_5,0.7771349444052515,0.7005482577642661,0.8620943883911254,1.9044401529111354e-06,11822,2845,22,66416
litter,drive-time bands (vs under 5 min),band_b10_15,0.6956715307218464,0.5033034521305652,0.9615647908000639,0.027997123581459116,11822,2845,22,66416
litter,drive-time bands (vs under 5 min),band_b15_20,0.600531465723739,0.40226100980204343,0.8965274598743137,0.012622159648041364,11822,2845,22,66416
litter,drive-time bands (vs under 5 min),band_b20p,0.5323881800651467,0.2738593086075807,1.0349736721172502,0.06307754930191489,11822,2845,22,66416
litter,drive-time bands (vs under 5 min),band_b5_10,0.9608717893216607,0.785832550447281,1.1748999134595526,0.6972570883266174,11822,2845,22,66416
litter,drive-time bands (vs under 5 min),private_rent_10,1.1326019633749456,1.0433157735735594,1.2295291990525419,0.0029571969689159427,11822,2845,22,66416
litter,drive-time bands (vs under 5 min),no_car_10,1.2172038596213086,1.1119586896115266,1.3324103221807782,2.0437976873788344e-05,11822,2845,22,66416
litter,drive-time bands (vs under 5 min),log_density,0.7473990831207381,0.6803970442496139,0.8209991418551595,1.2329131049426678e-09,11822,2845,22,66416
litter,drive-time bands (vs under 5 min),rural,0.5726994414788207,0.4663644926045308,0.703279635287926,1.0432672392646225e-07,11822,2845,22,66416
litter,same neighbourhood over time,t_hwrc_5,0.8593913383584442,0.8048191016839321,0.9176639457242429,5.983432764589125e-06,10901,2845,22,66416
