Urban_rura,band,lsoa_years,lsoas,residents,flytip,litter,flytip_per_1000,litter_per_1000
Rural,under 5,2565,473,4259161,4920.0,170.0,1.1551570837542886,0.03991396427606282
Rural,5-10,9179,1578,15475538,26844.0,725.0,1.734608515710407,0.04684812896327094
Rural,10-15,7843,1426,13361644,24558.0,526.0,1.837947486102758,0.039366413294651466
Rural,15-20,2929,551,5073319,7133.0,254.0,1.4059829472579983,0.05006584446986283
Rural,20+,1304,260,2181778,2945.0,172.0,1.3498165257876833,0.07883478520729423
Urban,under 5,62664,9368,106749040,200639.0,7457.0,1.8795391508907247,0.0698554291448429
Urban,5-10,83680,12571,140871208,379836.0,27225.0,2.696335222737637,0.1932616351241909
Urban,10-15,10606,2008,17766719,23284.0,1410.0,1.3105402297407867,0.07936186754571849
Urban,15-20,2183,387,3690809,3528.0,14.0,0.9558879909526611,0.0037932063133042106
Urban,20+,846,165,1403888,773.0,17.0,0.5506137241717288,0.012109228086571009
