source,sample,comparison,outcome,term,irr,lo,hi,p,n_lsoa_years,n_lsoas,n_councils,n_lsoas_changed,within_sd,reports
FixMyStreet,nearest centre unchanged,same neighbourhood over time,n_flytip,hours_cut_10,1.0143858613038677,0.9608380704815357,1.0709178864004674,0.6057089093310037,65523,11400,190,3591,0.5623922794599314,360353
FixMyStreet,nearest centre unchanged,same neighbourhood over time,n_flytip,log_crowding,1.0390591393527746,0.8241718183444573,1.3099742930318183,0.7458384891806409,65523,11400,190,5968,0.12703910467781573,360353
FixMyStreet,all neighbourhoods,same neighbourhood over time,n_flytip,hours_cut_10,1.0047000693475128,0.9516048079178693,1.060757807177891,0.8655824822870206,70380,12223,191,3818,0.5551083500768366,379688
FixMyStreet,all neighbourhoods,same neighbourhood over time,n_flytip,log_crowding,1.0686235406507454,0.859120899581482,1.3292148662536736,0.5510815157935574,70380,12223,191,6326,0.13188921612475177,379688
FixMyStreet,all neighbourhoods,"between neighbourhoods, same council and year",n_flytip,hours_cut_10,0.995449604317518,0.9089725201483608,1.090153874590364,0.9216446160237868,93101,18588,193,5035,0.5394664439844665,379688
FixMyStreet,all neighbourhoods,"between neighbourhoods, same council and year",n_flytip,log_crowding,1.113503197600194,0.8824730811405614,1.4050166487382807,0.36483975732885465,93101,18588,193,8329,0.12754309961711008,379688
council records,nearest centre unchanged,same neighbourhood over time,n_council,hours_cut_10,0.846778158582376,0.6699506837348036,1.070277659625456,0.1640183681168219,1498,318,6,0,0.32808935247792126,24149
council records,nearest centre unchanged,same neighbourhood over time,n_council,log_crowding,0.45975598894807,0.097813491616689,2.161006277149939,0.3250630426060668,1498,318,6,132,0.05581001983583729,24149
council records,all neighbourhoods,same neighbourhood over time,n_council,hours_cut_10,0.846778158582376,0.6699506837348036,1.070277659625456,0.1640183681168219,1498,318,6,0,0.32808935247792126,24149
council records,all neighbourhoods,same neighbourhood over time,n_council,log_crowding,0.45975598894807,0.097813491616689,2.161006277149939,0.3250630426060668,1498,318,6,132,0.05581001983583729,24149
