model,outcome,term,irr,lo,hi,p,n,label,n_councils
between land type,land_back_alley,private_rent_share,2.3464223552024976,1.028632400614201,5.35244453286379,0.04265264479352959,950,Back alleyway,317
between land type,land_back_alley,no_car_share,2.1805917046353653,1.0811613627841,4.398030068407192,0.02940497713246093,950,Back alleyway,317
between land type,land_highway,private_rent_share,1.3530565484583614,0.8170095066399413,2.2408087157459193,0.2400862642466315,950,Highway,317
between land type,land_highway,no_car_share,1.1539742981224472,0.687832517240861,1.936018794326473,0.5874821083760691,950,Highway,317
between land type,land_footpath,private_rent_share,2.431919000329563,0.8070876640572064,7.327865717130749,0.11430043219217634,950,Footpath / bridleway,317
between land type,land_footpath,no_car_share,1.262305815135107,0.2933826402436028,5.43118696321246,0.7543705299785464,950,Footpath / bridleway,317
between land type,land_council,private_rent_share,2.358643565625569,0.862233390988609,6.452080756566748,0.09466361032775339,950,Council land,317
between land type,land_council,no_car_share,0.8603775883873616,0.3117279939849564,2.374665121140759,0.7715654703317967,950,Council land,317
between land type,land_private,private_rent_share,2.2813718631380095,1.1846872494386327,4.39327559267987,0.013628385365893614,950,Private / residential,317
between land type,land_private,no_car_share,1.3757988170970632,0.595598318012878,3.1780183521014442,0.4551343377250656,950,Private / residential,317
between land type,land_agricultural,private_rent_share,2.1913286451668177,0.9046956311565976,5.307775417230301,0.08219320362744775,950,Agricultural,317
between land type,land_agricultural,no_car_share,1.0924156911239564,0.4018738612037227,2.9695189396975312,0.862458210054049,950,Agricultural,317
between land type,land_watercourse,private_rent_share,0.49123706723971383,0.14245392329992276,1.6939783099003354,0.2603915766065277,950,Watercourse / bank,317
between land type,land_watercourse,no_car_share,0.966353842830274,0.3395085680847746,2.750563129586938,0.9488671248283784,950,Watercourse / bank,317
