outcome,outcome_label,term,irr,lo,hi,p,n_lsoa_years,n_councils,n_reports
bags,Bags,private_rent_10,1.2156859859952334,1.0939117094193203,1.3510161778318566,0.00028694146959806766,183737,212,163713
bags,Bags,no_car_10,1.2410616739583886,1.1281641769929156,1.3652570343740582,9.071379565739335e-06,183737,212,163713
bags,Bags,ring_private_rent_10,1.5239559332173092,0.7688298438035047,3.0207486157129493,0.2274641383244751,183737,212,163713
bags,Bags,ring_no_car_10,0.8611527295802619,0.5290436427418259,1.40174451359097,0.5475943423843064,183737,212,163713
bags,Bags,rural,1.235252965424127,0.9031298379650148,1.6895133174065364,0.1860652914705474,183737,212,163713
bulky,Bulky items,private_rent_10,1.1357432935260385,1.082483827160947,1.1916231877315475,2.0536057943054686e-07,183737,212,184519
bulky,Bulky items,no_car_10,1.2434733548951813,1.133417028507466,1.3642162994237144,4.050827045132266e-06,183737,212,184519
bulky,Bulky items,ring_private_rent_10,1.9542845986643325,1.3563029783892535,2.815910864630209,0.0003239416036355802,183737,212,184519
bulky,Bulky items,ring_no_car_10,0.7279008866519163,0.5258046565538372,1.0076740367064352,0.055629143874198705,183737,212,184519
bulky,Bulky items,rural,1.0853616865580784,0.8406037806158198,1.401385549069498,0.5298352730293476,183737,212,184519
construction,Construction / DIY,private_rent_10,1.1157334011751814,1.0271941693937061,1.2119042918951815,0.009430404932308623,182603,212,54405
construction,Construction / DIY,no_car_10,1.1562431831708366,1.057044760899207,1.264750886700158,0.0015127819502449569,182603,212,54405
construction,Construction / DIY,ring_private_rent_10,1.5904676958710875,1.0559316984055827,2.395597646541977,0.026390132804407163,182603,212,54405
construction,Construction / DIY,ring_no_car_10,0.9141908747375872,0.6899736140962421,1.2112708926531492,0.5320249707639957,182603,212,54405
construction,Construction / DIY,rural,0.9984639031684075,0.7006607665038372,1.4228428557585453,0.9932126246655326,182603,212,54405
garden,Garden waste,private_rent_10,0.918156117638963,0.8376921305915631,1.0063490219999252,0.06803884579882347,178827,212,34443
garden,Garden waste,no_car_10,1.23683939521603,1.0837695290583362,1.4115286032146892,0.0016134744777289711,178827,212,34443
garden,Garden waste,ring_private_rent_10,1.6721061298874245,1.2181549074987845,2.2952244352468703,0.0014671399424197595,178827,212,34443
garden,Garden waste,ring_no_car_10,0.7118188071902152,0.5338207749349225,0.94916878109787,0.020594949166552023,178827,212,34443
garden,Garden waste,rural,0.8422782674826463,0.6742569342902843,1.0521696460123313,0.1305280415376906,178827,212,34443
bags_doorstep,"Bags, doorstep or street",private_rent_10,1.283445351917482,1.1998370257770243,1.3728797628093103,3.843592111252292e-13,152584,212,43251
bags_doorstep,"Bags, doorstep or street",no_car_10,1.2318047390157523,1.1002935934667692,1.3790345813801121,0.0002954966361323752,152584,212,43251
bags_doorstep,"Bags, doorstep or street",ring_private_rent_10,0.9304455174281067,0.33558429296029807,2.5797657371421696,0.8897996424760426,152584,212,43251
bags_doorstep,"Bags, doorstep or street",ring_no_car_10,1.1755301331943726,0.6480457704681457,2.132366504066096,0.5945437984929332,152584,212,43251
bags_doorstep,"Bags, doorstep or street",rural,0.5225130431581597,0.35204552157900987,0.7755243669791345,0.0012739748006405094,152584,212,43251
bulky_doorstep,"Bulky items, doorstep or street",private_rent_10,1.2162148002577824,1.1539505121968159,1.2818387138198102,2.866595849582154e-13,170815,212,47913
bulky_doorstep,"Bulky items, doorstep or street",no_car_10,1.155266623328003,1.040772625272494,1.2823559522679138,0.006718162650827253,170815,212,47913
bulky_doorstep,"Bulky items, doorstep or street",ring_private_rent_10,2.2308380191173818,1.2848992974251383,3.87317377907549,0.004363877444198971,170815,212,47913
bulky_doorstep,"Bulky items, doorstep or street",ring_no_car_10,0.7142280867766252,0.5013969858133043,1.0174009305483598,0.06226111290309122,170815,212,47913
bulky_doorstep,"Bulky items, doorstep or street",rural,0.45215027513419104,0.33205537582592604,0.6156800527484865,4.6695995847834126e-07,170815,212,47913
construction_out_of_the_way,"Construction, out-of-the-way place",private_rent_10,1.0329085795095716,0.990648331785137,1.0769716148433208,0.12872045234427265,144725,212,10350
construction_out_of_the_way,"Construction, out-of-the-way place",no_car_10,1.1034972773999208,1.0300394455406636,1.1821937951025443,0.005077056550731873,144725,212,10350
construction_out_of_the_way,"Construction, out-of-the-way place",ring_private_rent_10,1.53558161665973,1.0900208200457258,2.163271433039593,0.014168355338303629,144725,212,10350
construction_out_of_the_way,"Construction, out-of-the-way place",ring_no_car_10,1.0052669095652889,0.8223229116030657,1.2289108636130808,0.9591215590171935,144725,212,10350
construction_out_of_the_way,"Construction, out-of-the-way place",rural,0.6915012381512053,0.5479975390296069,0.8725841419131184,0.0018802279398471011,144725,212,10350
bulky_out_of_the_way,"Bulky items, out-of-the-way place",private_rent_10,1.0549668785426576,0.973152121327342,1.143659958634227,0.19386918838933598,166675,212,20650
bulky_out_of_the_way,"Bulky items, out-of-the-way place",no_car_10,1.2561984382904245,1.1730861044342549,1.345199223141716,6.535749719205342e-11,166675,212,20650
bulky_out_of_the_way,"Bulky items, out-of-the-way place",ring_private_rent_10,1.6718157687919428,1.3109819870618151,2.1319651927830856,3.430339718124564e-05,166675,212,20650
bulky_out_of_the_way,"Bulky items, out-of-the-way place",ring_no_car_10,0.8303502385079616,0.646244050503467,1.0669057890019673,0.1460521087069515,166675,212,20650
bulky_out_of_the_way,"Bulky items, out-of-the-way place",rural,0.7659636667365308,0.6576631326310927,0.8920985678690507,0.000607965290997603,166675,212,20650
