model,outcome,term,irr,lo,hi,p,n,spec,outcome_label
between,total,t_hwrc_mean,1.0721436527014805,0.8850602726391363,1.298772578053283,0.4764619150930942,950,full covariates,All incidents
between,total,t_transfer_mean,0.7419138053450772,0.5496032266807126,1.0015153984555925,0.0511632368553232,950,full covariates,All incidents
between,total,t_landfill_mean,0.8430812871577151,0.7526672932023643,0.9443562423595385,0.0031861038374290107,950,full covariates,All incidents
between,total,private_rent_share,1.181194358840189,0.8157026027984885,1.7104519570848558,0.37800043440359876,950,full covariates,All incidents
between,total,social_rent_share,0.9411244326461606,0.7206294442061896,1.2290854958046,0.6559414928541962,950,full covariates,All incidents
between,total,no_car_share,1.2831877034630097,0.9334014156876311,1.7640541943100168,0.1246445463753485,950,full covariates,All incidents
between,total,flat_share,0.9603100480842562,0.7883961617627169,1.1697106520530463,0.6873800212801824,950,full covariates,All incidents
between,total,student_share,1.1940942791283984,0.9960341244467298,1.431538450792735,0.05523093834741388,950,full covariates,All incidents
between,total,hh_deprived_2plus_share,1.286320358170668,1.031641633354318,1.6038709667662616,0.025303842203765692,950,full covariates,All incidents
between,total,churn_rate,0.9570749459191847,0.7819742259007543,1.1713844545849075,0.6704155388915969,950,full covariates,All incidents
between,total,log_density,0.9301478435635069,0.8036742030974173,1.0765245513062336,0.33149458907274143,950,full covariates,All incidents
between,hwrc_type,t_hwrc_mean,1.0072862356290986,0.8406685329152104,1.2069270119691455,0.937276099124263,950,full covariates,"HWRC-type household (bulky, white goods, electrical, green)"
between,hwrc_type,t_transfer_mean,0.8029786766471163,0.6057941767118458,1.0643462415728207,0.12694901673495518,950,full covariates,"HWRC-type household (bulky, white goods, electrical, green)"
between,hwrc_type,t_landfill_mean,0.788797864502223,0.6909742381303094,0.9004707219286046,0.00044493476408868915,950,full covariates,"HWRC-type household (bulky, white goods, electrical, green)"
between,hwrc_type,private_rent_share,1.801683991011796,1.237736499496073,2.622581789249799,0.0021158706911195146,950,full covariates,"HWRC-type household (bulky, white goods, electrical, green)"
between,hwrc_type,social_rent_share,1.3072964616220455,0.9537921818994128,1.7918201375546128,0.09573677531654723,950,full covariates,"HWRC-type household (bulky, white goods, electrical, green)"
between,hwrc_type,no_car_share,1.2188075100746802,0.759107488945872,1.9568924931530542,0.4127299345984161,950,full covariates,"HWRC-type household (bulky, white goods, electrical, green)"
between,hwrc_type,flat_share,0.8318503975085974,0.6328065084921367,1.0935018438480708,0.18703386782389564,950,full covariates,"HWRC-type household (bulky, white goods, electrical, green)"
between,hwrc_type,student_share,1.1697735251198862,0.9489870962941747,1.4419269823740852,0.14173318239066202,950,full covariates,"HWRC-type household (bulky, white goods, electrical, green)"
between,hwrc_type,hh_deprived_2plus_share,1.1003418536431802,0.7739535933125984,1.564373116606087,0.5942828208028008,950,full covariates,"HWRC-type household (bulky, white goods, electrical, green)"
between,hwrc_type,churn_rate,0.7465071344578218,0.5754014130370566,0.9684941489021669,0.027734968720501296,950,full covariates,"HWRC-type household (bulky, white goods, electrical, green)"
between,hwrc_type,log_density,1.0438266661582931,0.8844184856409346,1.2319666839545158,0.611934921683198,950,full covariates,"HWRC-type household (bulky, white goods, electrical, green)"
between,bags_household,t_hwrc_mean,1.033889077180106,0.7139469819094534,1.49720728709222,0.8599679423453028,950,full covariates,Household black bags
between,bags_household,t_transfer_mean,0.5745129180789573,0.284465114791263,1.1603007746021736,0.1222440560432363,950,full covariates,Household black bags
between,bags_household,t_landfill_mean,0.6736757294153181,0.5510800137611362,0.823544634300557,0.00011605256239111128,950,full covariates,Household black bags
between,bags_household,private_rent_share,2.0696825800495993,1.1747133328924728,3.646494733837215,0.011827663546045475,950,full covariates,Household black bags
between,bags_household,social_rent_share,1.4648504706419203,0.9208330813167754,2.330266955951905,0.10700976426352216,950,full covariates,Household black bags
between,bags_household,no_car_share,0.8671777730726027,0.4927896376629893,1.526000614942794,0.6211409032321016,950,full covariates,Household black bags
between,bags_household,flat_share,1.0973044382984787,0.7506430304588514,1.6040607605102446,0.6316922409519816,950,full covariates,Household black bags
between,bags_household,student_share,1.5977742193820332,1.0976803134035258,2.3257066970676217,0.014421648306699009,950,full covariates,Household black bags
between,bags_household,hh_deprived_2plus_share,1.0601075879973292,0.7777530766643336,1.4449677305674513,0.7118375907782586,950,full covariates,Household black bags
between,bags_household,churn_rate,0.5277956344540002,0.3750432743871721,0.7427629043711993,0.00024644018790187516,950,full covariates,Household black bags
between,bags_household,log_density,0.9305060887864451,0.686061838925401,1.262045973326313,0.6432044933939549,950,full covariates,Household black bags
between,cde,t_hwrc_mean,0.9655686412996245,0.7514211556904241,1.2407460104108485,0.78417993812005,950,full covariates,Construction / demolition
between,cde,t_transfer_mean,0.8216520184316177,0.5360256908041072,1.2594770194316562,0.3673760488376394,950,full covariates,Construction / demolition
between,cde,t_landfill_mean,0.7982086817703564,0.6900798923013377,0.923280198077922,0.002406878287974701,950,full covariates,Construction / demolition
between,cde,private_rent_share,1.130504065356427,0.6388318834219435,2.0005880654257724,0.6735973209576185,950,full covariates,Construction / demolition
between,cde,social_rent_share,0.7163771570120578,0.4949858654545145,1.0367896679583821,0.07698627314322581,950,full covariates,Construction / demolition
between,cde,no_car_share,2.1497904679572817,1.16314933864112,3.9733496831277852,0.014596003013236603,950,full covariates,Construction / demolition
between,cde,flat_share,0.730209651503707,0.43541078109282577,1.2246048060888284,0.2332942792158459,950,full covariates,Construction / demolition
between,cde,student_share,0.8294594280622808,0.5970804702678656,1.1522784231960395,0.2649057587603778,950,full covariates,Construction / demolition
between,cde,hh_deprived_2plus_share,0.9493998922539402,0.5560862281280864,1.6208999788503626,0.8491024491629546,950,full covariates,Construction / demolition
between,cde,churn_rate,0.9794152509759622,0.7251444734242065,1.322845679723118,0.8921168476213419,950,full covariates,Construction / demolition
between,cde,log_density,0.9658804793788089,0.76235294339728,1.223744341154683,0.7736955565484251,950,full covariates,Construction / demolition
between,commercial,t_hwrc_mean,1.0620925335678202,0.6708892496741296,1.6814109786502522,0.7971642403276782,950,full covariates,Commercial waste
between,commercial,t_transfer_mean,0.7382075612905377,0.3690687815168452,1.4765551323707666,0.3907987676321365,950,full covariates,Commercial waste
between,commercial,t_landfill_mean,0.6973196053440059,0.54882777393532,0.885987654215229,0.0031692511193146533,950,full covariates,Commercial waste
between,commercial,private_rent_share,1.3679123614730058,0.6444852068674284,2.90337808956965,0.4145553720302786,950,full covariates,Commercial waste
between,commercial,social_rent_share,0.6420223119649047,0.33646037399694745,1.2250852727890655,0.17888663722675124,950,full covariates,Commercial waste
between,commercial,no_car_share,2.2548129328507547,1.129294467864225,4.502086485703295,0.021185702622259717,950,full covariates,Commercial waste
between,commercial,flat_share,1.1741341920751518,0.7450770124942998,1.8502665870536659,0.48904768088196215,950,full covariates,Commercial waste
between,commercial,student_share,1.3349547841537603,0.9269236307020394,1.922600974564939,0.12059793871936186,950,full covariates,Commercial waste
between,commercial,hh_deprived_2plus_share,1.0167043727561933,0.5148125197691006,2.007891692387717,0.9619443575277786,950,full covariates,Commercial waste
between,commercial,churn_rate,0.6848599691417473,0.40354361792347654,1.162286197825032,0.1607005138145956,950,full covariates,Commercial waste
between,commercial,log_density,0.7482053323838562,0.5293068108987075,1.0576308633874103,0.10044564054074545,950,full covariates,Commercial waste
between,car_boot_to_van,t_hwrc_mean,1.0830882026393884,0.895569002144495,1.3098712124778868,0.4105748733994319,950,full covariates,Car boot to transit van size
between,car_boot_to_van,t_transfer_mean,0.7376432481240035,0.5395691968967549,1.0084296224327378,0.056471025858727764,950,full covariates,Car boot to transit van size
between,car_boot_to_van,t_landfill_mean,0.8104197444146575,0.7277173142069288,0.9025210054990683,0.00012941693986934233,950,full covariates,Car boot to transit van size
between,car_boot_to_van,private_rent_share,1.2731809046149016,0.9673599926791536,1.6756839523480855,0.08484716382927715,950,full covariates,Car boot to transit van size
between,car_boot_to_van,social_rent_share,1.0298547506056357,0.8087804242869415,1.311358157908027,0.8114087093669291,950,full covariates,Car boot to transit van size
between,car_boot_to_van,no_car_share,1.3857110166238662,1.0119860769606512,1.8974520157033852,0.04192114886833487,950,full covariates,Car boot to transit van size
between,car_boot_to_van,flat_share,0.9196483167765179,0.7607124880091656,1.111790643483813,0.3868773313475935,950,full covariates,Car boot to transit van size
between,car_boot_to_van,student_share,1.1543918805097042,0.935758688401606,1.424107123240304,0.1801790170553692,950,full covariates,Car boot to transit van size
between,car_boot_to_van,hh_deprived_2plus_share,1.2229589032467147,0.9663755995506363,1.547667883715062,0.09387312838878725,950,full covariates,Car boot to transit van size
between,car_boot_to_van,churn_rate,0.8958260676322892,0.7239784504773709,1.1084644065308604,0.3113647998531417,950,full covariates,Car boot to transit van size
between,car_boot_to_van,log_density,0.915647897789153,0.7779210926788531,1.0777585035501975,0.289327133312794,950,full covariates,Car boot to transit van size
between,tipper_plus,t_hwrc_mean,0.6642141272359164,0.44843291127398094,0.9838270022741938,0.04121599311926749,950,full covariates,Tipper lorry or larger
between,tipper_plus,t_transfer_mean,1.2543320081964597,0.8234107234111747,1.9107703386084067,0.2913283991757105,950,full covariates,Tipper lorry or larger
between,tipper_plus,t_landfill_mean,0.6663444170379429,0.4398955341739016,1.0093643777299768,0.055364152134255606,950,full covariates,Tipper lorry or larger
between,tipper_plus,private_rent_share,1.5414080846545408,0.6639332269889504,3.5785810784220953,0.3139810481766785,950,full covariates,Tipper lorry or larger
between,tipper_plus,social_rent_share,2.117276210307281,0.859745966082628,5.214166425414,0.10281566965688782,950,full covariates,Tipper lorry or larger
between,tipper_plus,no_car_share,2.0518964435007914,1.1257605976164249,3.7399417103117902,0.0189370039582879,950,full covariates,Tipper lorry or larger
between,tipper_plus,flat_share,0.5221647463294452,0.31870517271616017,0.855511757106378,0.009893697340858099,950,full covariates,Tipper lorry or larger
between,tipper_plus,student_share,1.0648346834622582,0.6346279200867785,1.786673525093448,0.8119518631844915,950,full covariates,Tipper lorry or larger
between,tipper_plus,hh_deprived_2plus_share,0.7723869449903374,0.44773610482765386,1.3324402172595562,0.353229598718654,950,full covariates,Tipper lorry or larger
between,tipper_plus,churn_rate,0.6943700878475249,0.33298530797328624,1.4479612383861087,0.3306573642343875,950,full covariates,Tipper lorry or larger
between,tipper_plus,log_density,1.0382149079202343,0.7835176058076972,1.3757064130252261,0.7939740184605153,950,full covariates,Tipper lorry or larger
between,highway_alley,t_hwrc_mean,1.0766487388347943,0.8692477346820617,1.3335352634062774,0.4987393051330806,950,full covariates,"Highway, footpath, back alley"
between,highway_alley,t_transfer_mean,0.5838051973619152,0.37879710164492086,0.8997653545572073,0.014745100679938838,950,full covariates,"Highway, footpath, back alley"
between,highway_alley,t_landfill_mean,0.7524406953082963,0.6482950350296537,0.8733168840790758,0.0001824659777216464,950,full covariates,"Highway, footpath, back alley"
between,highway_alley,private_rent_share,1.4854334602582677,0.9657344570644885,2.2848025652537194,0.07165785957638882,950,full covariates,"Highway, footpath, back alley"
between,highway_alley,social_rent_share,1.0256058996399142,0.7044067192476705,1.4932672171265298,0.8950566530054833,950,full covariates,"Highway, footpath, back alley"
between,highway_alley,no_car_share,1.3644946088168974,0.8562894950914636,2.174317854140564,0.19109232091543626,950,full covariates,"Highway, footpath, back alley"
between,highway_alley,flat_share,0.8664133403179011,0.6501713141352855,1.1545758171124505,0.32765898973440266,950,full covariates,"Highway, footpath, back alley"
between,highway_alley,student_share,1.235835188351369,0.961629229097693,1.5882302311053238,0.09806301929139738,950,full covariates,"Highway, footpath, back alley"
between,highway_alley,hh_deprived_2plus_share,1.1644593881083691,0.8462119214129535,1.602394899246524,0.3498981473646994,950,full covariates,"Highway, footpath, back alley"
between,highway_alley,churn_rate,0.7821174538304952,0.5813815066408605,1.0521623144166672,0.10437872193194808,950,full covariates,"Highway, footpath, back alley"
between,highway_alley,log_density,0.9030155501882717,0.7470100790662652,1.0916011801354717,0.2917680406010257,950,full covariates,"Highway, footpath, back alley"
between,placebo,t_hwrc_mean,0.9113986938555685,0.6346272770471821,1.3088746878742825,0.6153886685332963,950,full covariates,"Placebo: carcasses, clinical, vehicle parts"
between,placebo,t_transfer_mean,0.9728784080977226,0.650799225999436,1.454353906904584,0.8933696651327918,950,full covariates,"Placebo: carcasses, clinical, vehicle parts"
between,placebo,t_landfill_mean,0.9266936092135739,0.7401488031183532,1.1602545889950726,0.5067733300606425,950,full covariates,"Placebo: carcasses, clinical, vehicle parts"
between,placebo,private_rent_share,1.0413268610334976,0.5465955427700699,1.983846458049189,0.9019928723501782,950,full covariates,"Placebo: carcasses, clinical, vehicle parts"
between,placebo,social_rent_share,0.5200046294751948,0.285916650965833,0.9457469992118365,0.03213055047058444,950,full covariates,"Placebo: carcasses, clinical, vehicle parts"
between,placebo,no_car_share,1.0926249712785032,0.5854629013707335,2.039120369653243,0.7808048418820601,950,full covariates,"Placebo: carcasses, clinical, vehicle parts"
between,placebo,flat_share,1.2098767799103163,0.8120643330594592,1.8025687903953007,0.3489652822957279,950,full covariates,"Placebo: carcasses, clinical, vehicle parts"
between,placebo,student_share,1.1830585200415586,0.773409935683551,1.8096838394064745,0.43824384675687034,950,full covariates,"Placebo: carcasses, clinical, vehicle parts"
between,placebo,hh_deprived_2plus_share,1.5212261207948912,0.9761395308491521,2.3706948007479958,0.06383752633667772,950,full covariates,"Placebo: carcasses, clinical, vehicle parts"
between,placebo,churn_rate,1.0542559523278552,0.7236218637948071,1.5359619003080338,0.7831760343458365,950,full covariates,"Placebo: carcasses, clinical, vehicle parts"
between,placebo,log_density,0.8492099081537323,0.6346012675021908,1.1363946229495687,0.2714527890389844,950,full covariates,"Placebo: carcasses, clinical, vehicle parts"
between (no covariates),total,t_hwrc_mean,0.7412725310544183,0.595898673277634,0.9221114090982612,0.0071867435403800695,950,region and year only,All incidents
between (no covariates),hwrc_type,t_hwrc_mean,0.6960936176353528,0.5590874065775949,0.8666736521195874,0.00119695078918447,950,region and year only,"HWRC-type household (bulky, white goods, electrical, green)"
between (no covariates),bags_household,t_hwrc_mean,0.6926020037711271,0.4618942912933837,1.038543980018771,0.07556408726086561,950,region and year only,Household black bags
between (no covariates),cde,t_hwrc_mean,0.8861914356188951,0.6780693897542982,1.1581930587500027,0.37633417064830255,950,region and year only,Construction / demolition
between (no covariates),commercial,t_hwrc_mean,0.8427442198733344,0.43547466662821327,1.6309050205583226,0.6115121429519306,950,region and year only,Commercial waste
between (no covariates),car_boot_to_van,t_hwrc_mean,0.7591565740173702,0.5942032603333955,0.9699016184300807,0.027489307298431465,950,region and year only,Car boot to transit van size
between (no covariates),tipper_plus,t_hwrc_mean,0.48375287725284943,0.316700212045438,0.7389222910177126,0.0007797142206946717,950,region and year only,Tipper lorry or larger
between (no covariates),highway_alley,t_hwrc_mean,0.7476919564042427,0.5708839828539085,0.9792589711080848,0.03466434352015302,950,region and year only,"Highway, footpath, back alley"
between (no covariates),placebo,t_hwrc_mean,0.8061702781855757,0.5662599914634974,1.1477245915787142,0.23188977692746482,950,region and year only,"Placebo: carcasses, clinical, vehicle parts"
within,total,t_hwrc_mean,0.9626902087451622,0.6513835218413695,1.422775380307363,0.8486953429131578,3814,main,All incidents
within,hwrc_type,t_hwrc_mean,0.8186423437795421,0.5533156711632914,1.2111988182439963,0.31670177214814665,3813,main,"HWRC-type household (bulky, white goods, electrical, green)"
within,bags_household,t_hwrc_mean,1.3507121399872357,0.6725938708495113,2.712518451594842,0.39805786659528763,3813,main,Household black bags
within,cde,t_hwrc_mean,1.2067413689191053,0.7639796176730128,1.9061041653129907,0.42039767512527226,3813,main,Construction / demolition
within,commercial,t_hwrc_mean,0.7697676571520421,0.4539672936156543,1.3052531632356148,0.33143822334930384,3787,main,Commercial waste
within,car_boot_to_van,t_hwrc_mean,0.9237855894651589,0.5873013539076116,1.4530526953931324,0.731564466058249,3813,main,Car boot to transit van size
within,tipper_plus,t_hwrc_mean,0.2671544690086648,0.11935451191435094,0.5979791561002571,0.0013235166671070608,3709,main,Tipper lorry or larger
within,highway_alley,t_hwrc_mean,0.921431983269106,0.6408758239427313,1.3248071905223062,0.6587037368034632,3810,main,"Highway, footpath, back alley"
within,placebo,t_hwrc_mean,1.3717424097570556,0.9565988899534222,1.9670493646691505,0.08566400545506503,3796,main,"Placebo: carcasses, clinical, vehicle parts"
within,total,t_hwrc_mean_cens,1.0273550988124016,0.6769395993681164,1.5591619991518417,0.899099139643285,3814,censored recent dropouts,All incidents
within,hwrc_type,t_hwrc_mean_cens,0.8707021620079968,0.5629604180485414,1.3466706194964326,0.5337548769450629,3813,censored recent dropouts,"HWRC-type household (bulky, white goods, electrical, green)"
within,bags_household,t_hwrc_mean_cens,1.4162181403830636,0.7016491145614395,2.858514005827107,0.3314662885260766,3813,censored recent dropouts,Household black bags
within,cde,t_hwrc_mean_cens,1.2558469053453731,0.7915228514470217,1.9925532747188315,0.33339865988700845,3813,censored recent dropouts,Construction / demolition
within,commercial,t_hwrc_mean_cens,0.7996499840814769,0.43877415517021073,1.4573330938178262,0.4653077872182827,3787,censored recent dropouts,Commercial waste
within,car_boot_to_van,t_hwrc_mean_cens,1.0205103054983307,0.6443365855947981,1.6163000936333982,0.9310385239050456,3813,censored recent dropouts,Car boot to transit van size
within,tipper_plus,t_hwrc_mean_cens,0.26542751066404824,0.07627976298672012,0.9235970414535596,0.037075643666438785,3709,censored recent dropouts,Tipper lorry or larger
within,highway_alley,t_hwrc_mean_cens,0.9210461280077639,0.6593011382763808,1.2867048464922772,0.6296920963416595,3810,censored recent dropouts,"Highway, footpath, back alley"
within,placebo,t_hwrc_mean_cens,1.5198275003962602,1.0182389054872922,2.2685006617924524,0.04051593488373095,3796,censored recent dropouts,"Placebo: carcasses, clinical, vehicle parts"
within,total,t_hwrc_mean_verified,0.9698212361947942,0.5785996012728526,1.6255684036167495,0.907426722584221,3814,verified closures,All incidents
within,hwrc_type,t_hwrc_mean_verified,0.800977480314451,0.4424462289017245,1.4500404389555555,0.46363826698414434,3813,verified closures,"HWRC-type household (bulky, white goods, electrical, green)"
within,bags_household,t_hwrc_mean_verified,1.1347026661347577,0.5553701061761178,2.3183641435050917,0.7288457554841594,3813,verified closures,Household black bags
within,cde,t_hwrc_mean_verified,1.6154551586093766,0.7107451093661388,3.6717739384869508,0.252240824327461,3813,verified closures,Construction / demolition
within,commercial,t_hwrc_mean_verified,1.1875603650807776,0.5647610176918543,2.4971617667143584,0.6503237908386998,3787,verified closures,Commercial waste
within,car_boot_to_van,t_hwrc_mean_verified,0.974079503011389,0.5319288218593544,1.7837553431872355,0.9321948484556946,3813,verified closures,Car boot to transit van size
within,tipper_plus,t_hwrc_mean_verified,0.44686050336508176,0.23043644500993815,0.866548299072581,0.017129657137597176,3709,verified closures,Tipper lorry or larger
within,highway_alley,t_hwrc_mean_verified,1.0242986825491225,0.6030988177592568,1.739661495225613,0.9292105341750445,3810,verified closures,"Highway, footpath, back alley"
within,placebo,t_hwrc_mean_verified,1.495796005748051,0.7533138657378171,2.970084306918265,0.2499103227773385,3796,verified closures,"Placebo: carcasses, clinical, vehicle parts"
within,total,t_hwrc_mean_strict,0.9804188826945134,0.6062426206929997,1.5855387805713494,0.9357347053295038,3814,strict: only confirmed or likely closures,All incidents
within,hwrc_type,t_hwrc_mean_strict,0.9473875950956012,0.6198436498469354,1.4480155690272325,0.8028209982069721,3813,strict: only confirmed or likely closures,"HWRC-type household (bulky, white goods, electrical, green)"
within,bags_household,t_hwrc_mean_strict,0.7280514549671587,0.29159596706681795,1.8177855009851216,0.4965944074150044,3813,strict: only confirmed or likely closures,Household black bags
within,cde,t_hwrc_mean_strict,1.737240559530712,0.5112348956749314,5.903362206318521,0.37617836725422316,3813,strict: only confirmed or likely closures,Construction / demolition
within,commercial,t_hwrc_mean_strict,0.6476138242052067,0.2620414627961762,1.6005240576294495,0.3466290323067751,3787,strict: only confirmed or likely closures,Commercial waste
within,car_boot_to_van,t_hwrc_mean_strict,0.9166196576538362,0.48522926242885756,1.7315353006366172,0.7884866412915874,3813,strict: only confirmed or likely closures,Car boot to transit van size
within,tipper_plus,t_hwrc_mean_strict,0.3527532054795015,0.11432125117906843,1.088466253585289,0.0699023804756953,3709,strict: only confirmed or likely closures,Tipper lorry or larger
within,highway_alley,t_hwrc_mean_strict,0.8580118420820505,0.540615906797078,1.3617511284760675,0.5158201691895132,3810,strict: only confirmed or likely closures,"Highway, footpath, back alley"
within,placebo,t_hwrc_mean_strict,0.7360007239134416,0.2900048938715276,1.8678893944496064,0.518873327167938,3796,strict: only confirmed or likely closures,"Placebo: carcasses, clinical, vehicle parts"
within,total,t_hwrc_mean,1.3956286268437346,0.9664980198763627,2.0152956591829274,0.07536738661052822,2341,2012 to 2019 only,All incidents
within,hwrc_type,t_hwrc_mean,1.1715382196032509,0.8117635188450205,1.6907655593391957,0.3976505081389292,2340,2012 to 2019 only,"HWRC-type household (bulky, white goods, electrical, green)"
within,bags_household,t_hwrc_mean,2.94766459344618,1.3431350892777514,6.468989325659305,0.007025494985625214,2340,2012 to 2019 only,Household black bags
within,cde,t_hwrc_mean,1.6458696157522126,0.9344827784128095,2.898808682870858,0.0844626700739004,2340,2012 to 2019 only,Construction / demolition
within,commercial,t_hwrc_mean,0.7568041991710137,0.4025305977083434,1.4228796497549028,0.3869936179102851,2324,2012 to 2019 only,Commercial waste
within,car_boot_to_van,t_hwrc_mean,1.4541228242367004,0.9963500378269847,2.122219207797425,0.05225310675559047,2340,2012 to 2019 only,Car boot to transit van size
within,tipper_plus,t_hwrc_mean,0.5447098320907502,0.3145058232636068,0.943412742242433,0.030168576797080293,2268,2012 to 2019 only,Tipper lorry or larger
within,highway_alley,t_hwrc_mean,1.4059858063955741,1.0868095530920767,1.818898336108327,0.009495997317818583,2337,2012 to 2019 only,"Highway, footpath, back alley"
within,placebo,t_hwrc_mean,1.6042566589650744,1.0744530756546142,2.395301838813002,0.0208255320065871,2320,2012 to 2019 only,"Placebo: carcasses, clinical, vehicle parts"
within,total,t_hwrc_mean_lag,0.9474433811432086,0.6425110270828126,1.3970950265984745,0.7852727200569853,3520,lagged one year,All incidents
within,hwrc_type,t_hwrc_mean_lag,0.8099745133016809,0.5462753008278852,1.2009671885293585,0.2943007480540989,3519,lagged one year,"HWRC-type household (bulky, white goods, electrical, green)"
within,bags_household,t_hwrc_mean_lag,1.2466183915905222,0.68996536849457,2.2523701698862455,0.4651614104492088,3519,lagged one year,Household black bags
within,cde,t_hwrc_mean_lag,1.0706348446536598,0.6985657330619574,1.6408748902730705,0.7540503314164508,3519,lagged one year,Construction / demolition
within,commercial,t_hwrc_mean_lag,0.740803664350034,0.35901317313249276,1.5286070545158197,0.4169146173594356,3495,lagged one year,Commercial waste
within,car_boot_to_van,t_hwrc_mean_lag,0.9505201948209148,0.6343734200612505,1.42422209410217,0.8057081066184151,3519,lagged one year,Car boot to transit van size
within,tipper_plus,t_hwrc_mean_lag,0.29792954856785286,0.12009195512008498,0.7391170859121058,0.008998552285636174,3423,lagged one year,Tipper lorry or larger
within,highway_alley,t_hwrc_mean_lag,0.8845584620136326,0.6111253109058198,1.2803326236973764,0.5155779864591465,3516,lagged one year,"Highway, footpath, back alley"
within,placebo,t_hwrc_mean_lag,1.3387707754009286,0.8602151616538715,2.083556845965919,0.19608304630820017,3503,lagged one year,"Placebo: carcasses, clinical, vehicle parts"
within,total,t_hwrc_nocar,1.0029938713715787,0.6956467891179274,1.4461314588751852,0.9872239714284934,3814,no-car weighted,All incidents
within,hwrc_type,t_hwrc_nocar,0.8675907107426243,0.5972804338149716,1.2602348892615343,0.4558578179819457,3813,no-car weighted,"HWRC-type household (bulky, white goods, electrical, green)"
within,bags_household,t_hwrc_nocar,1.387932752046856,0.7220435612371375,2.6679239697169668,0.325500326207657,3813,no-car weighted,Household black bags
within,cde,t_hwrc_nocar,1.2550103606176624,0.8243179904852904,1.910732294378793,0.2895359252507981,3813,no-car weighted,Construction / demolition
within,commercial,t_hwrc_nocar,0.824694286851004,0.5105793855949229,1.3320566516257115,0.43075082052478786,3787,no-car weighted,Commercial waste
within,car_boot_to_van,t_hwrc_nocar,0.9707505836301487,0.6388751543295316,1.4750247982443954,0.8893899354236594,3813,no-car weighted,Car boot to transit van size
within,tipper_plus,t_hwrc_nocar,0.2908854579863554,0.12866514062348575,0.6576322790921253,0.0030068743827247335,3709,no-car weighted,Tipper lorry or larger
within,highway_alley,t_hwrc_nocar,0.969972124267232,0.680350243455522,1.3828846699266224,0.8661983045196393,3810,no-car weighted,"Highway, footpath, back alley"
within,placebo,t_hwrc_nocar,1.3346370681560082,0.9837263296686223,1.8107232163808187,0.0636555815556954,3796,no-car weighted,"Placebo: carcasses, clinical, vehicle parts"
within,total,share_over_15,0.921926697488054,0.7842212866386288,1.0838125029535044,0.324685782521116,3814,share >15 min,All incidents
within,hwrc_type,share_over_15,0.8856836814298432,0.7167377428509758,1.0944527358512774,0.2609317414935468,3813,share >15 min,"HWRC-type household (bulky, white goods, electrical, green)"
within,bags_household,share_over_15,0.8654809595615769,0.692846046613917,1.0811309309253143,0.20310245617802503,3813,share >15 min,Household black bags
within,cde,share_over_15,0.9801967979599197,0.8536800262701073,1.125463561480685,0.7766553565584753,3813,share >15 min,Construction / demolition
within,commercial,share_over_15,0.9357841491288068,0.8317879746451258,1.052782680747856,0.26949434023152063,3787,share >15 min,Commercial waste
within,car_boot_to_van,share_over_15,0.9003825539330065,0.7284627926213177,1.1128759788948475,0.3317008304990299,3813,share >15 min,Car boot to transit van size
within,tipper_plus,share_over_15,0.4907033375110579,0.2001991885113759,1.2027509563596899,0.11961302328514067,3709,share >15 min,Tipper lorry or larger
within,highway_alley,share_over_15,0.9460163900544345,0.80776900724769,1.107924421736575,0.4911414153409486,3810,share >15 min,"Highway, footpath, back alley"
within,placebo,share_over_15,1.1919823899415367,0.9960036173455685,1.4265229495022773,0.05532629341429196,3796,share >15 min,"Placebo: carcasses, clinical, vehicle parts"
within,total,t_hwrc_mean,0.9697731088574325,0.6610204613218261,1.4227394425618771,0.8752777107342433,3637,all-incidents basis only,All incidents
within,hwrc_type,t_hwrc_mean,0.8234766282118743,0.5433109206346114,1.2481136149796699,0.3599826857061186,3636,all-incidents basis only,"HWRC-type household (bulky, white goods, electrical, green)"
within,bags_household,t_hwrc_mean,1.3590429537288227,0.704489916774235,2.6217518606045043,0.36012889677530335,3636,all-incidents basis only,Household black bags
within,cde,t_hwrc_mean,1.183812583759106,0.7657405342773704,1.8301398068066537,0.44775522022048264,3636,all-incidents basis only,Construction / demolition
within,commercial,t_hwrc_mean,0.7969569183479212,0.48314129148462737,1.3146057703967202,0.37411670122440555,3610,all-incidents basis only,Commercial waste
within,car_boot_to_van,t_hwrc_mean,0.9370394684714188,0.5887373368705406,1.4914001720028076,0.7838889239160505,3636,all-incidents basis only,Car boot to transit van size
within,tipper_plus,t_hwrc_mean,0.26668537603536036,0.11974929423354834,0.5939165674948641,0.001214625257101698,3532,all-incidents basis only,Tipper lorry or larger
within,highway_alley,t_hwrc_mean,0.9073838949350853,0.6591250407938883,1.249149223333832,0.5512192646305167,3633,all-incidents basis only,"Highway, footpath, back alley"
within,placebo,t_hwrc_mean,1.2857613470017355,0.8261323751606309,2.001110586087704,0.26540656055435385,3619,all-incidents basis only,"Placebo: carcasses, clinical, vehicle parts"
within,total,t_hwrc_mean_cens,0.6030862506636734,0.32667096091272324,1.1133925853811668,0.10595976635428994,2355,"2017 on, no spend control",All incidents
within,hwrc_type,t_hwrc_mean_cens,0.5329660392830375,0.2691099374277598,1.055526978097194,0.07107498945569968,2355,"2017 on, no spend control","HWRC-type household (bulky, white goods, electrical, green)"
within,bags_household,t_hwrc_mean_cens,0.3514619609361412,0.10555321075540325,1.1702676697473593,0.0884178726029119,2347,"2017 on, no spend control",Household black bags
within,cde,t_hwrc_mean_cens,0.49569039789246805,0.29569994079792145,0.8309402088474156,0.0077530880621454745,2355,"2017 on, no spend control",Construction / demolition
within,commercial,t_hwrc_mean_cens,0.9920722539606501,0.5433984987977116,1.8112073538225781,0.9793242218964533,2339,"2017 on, no spend control",Commercial waste
within,car_boot_to_van,t_hwrc_mean_cens,0.6328893827286796,0.3465952645418016,1.1556677535690343,0.13647098470208663,2355,"2017 on, no spend control",Car boot to transit van size
within,tipper_plus,t_hwrc_mean_cens,0.09176477237911594,0.010044454262387566,0.8383505195820707,0.03432632749591824,2251,"2017 on, no spend control",Tipper lorry or larger
within,highway_alley,t_hwrc_mean_cens,0.45391466035726985,0.24812670272232373,0.8303762417615786,0.010371071325564474,2355,"2017 on, no spend control","Highway, footpath, back alley"
within,placebo,t_hwrc_mean_cens,1.3862961898149178,0.7079519405619981,2.714615238387157,0.3407591525503868,2339,"2017 on, no spend control","Placebo: carcasses, clinical, vehicle parts"
within,total,t_hwrc_mean_cens,0.6053797914383388,0.3276477481182832,1.1185326131087066,0.10907363593196684,2355,"2017 on, street cleansing spend",All incidents
within,hwrc_type,t_hwrc_mean_cens,0.5357162714300825,0.26964525039208465,1.0643314616431838,0.07475001774445222,2355,"2017 on, street cleansing spend","HWRC-type household (bulky, white goods, electrical, green)"
within,bags_household,t_hwrc_mean_cens,0.35108742431194556,0.10505048268070537,1.1733632855799883,0.0890746603957675,2347,"2017 on, street cleansing spend",Household black bags
within,cde,t_hwrc_mean_cens,0.49823221462115513,0.29791455309012804,0.833243415306409,0.007923923713232472,2355,"2017 on, street cleansing spend",Construction / demolition
within,commercial,t_hwrc_mean_cens,1.0140563018376663,0.5485768408908489,1.874505277376973,0.9644820751081677,2339,"2017 on, street cleansing spend",Commercial waste
within,car_boot_to_van,t_hwrc_mean_cens,0.6352796181093965,0.34686810155251707,1.163497569764619,0.1416937852430784,2355,"2017 on, street cleansing spend",Car boot to transit van size
within,tipper_plus,t_hwrc_mean_cens,0.09164235404346618,0.010093585610958416,0.8320453581440969,0.033723285370544476,2251,"2017 on, street cleansing spend",Tipper lorry or larger
within,highway_alley,t_hwrc_mean_cens,0.45574817822314106,0.24769862796509814,0.838544822230419,0.011535592794402305,2355,"2017 on, street cleansing spend","Highway, footpath, back alley"
within,placebo,t_hwrc_mean_cens,1.3842363619001345,0.7102465217064104,2.6978101927242792,0.3395567399858499,2339,"2017 on, street cleansing spend","Placebo: carcasses, clinical, vehicle parts"
