LAD25CD,council,rate_2012_14,rate_2022_24,change_2012_24,step_year,step_ratio,class,small_item_shift_pts,large_vs_total,fms_before,fms_after,signs
E06000001,Hartlepool,10.493372606774669,31.39463209252275,2.9918533601155017,,,steady rise,,,,,
E06000002,Middlesbrough,19.95122232805149,17.12331064086656,0.8582587251704936,,,little change,,,,,
E06000003,Redcar and Cleveland,19.806670318120588,50.66125890857631,2.557787760127844,2018.0,3.047066209459076,recording change likely,-0.2920449003359804,0.3778255336149517,40.0,211.0,large loads did not rise with the total; FixMyStreet reports rose 3-fold or more
E06000004,Stockton-on-Tees,10.791497482329635,10.990307876141443,1.018422873575919,,,little change,,,,,
E06000005,Darlington,27.597048990917788,33.54517223947425,1.2155347570138384,,,little change,,,,,
E06000006,Halton,4.777222204528806,3.6950572811181024,0.7734740237988487,,,little change,,,,,
E06000007,Warrington,2.5473910870150345,5.70713086540175,2.2403826779849556,2015.0,2.0114882328178627,"step, cause unclear",-6.243315077967305,0.40326626163536033,28.0,58.0,
E06000008,Blackburn with Darwen,20.283595959325844,23.68548057765843,1.1677160511949802,,,little change,,,,,
E06000009,Blackpool,30.42466591214245,35.24865192915391,1.1585551023285423,,,little change,,,,,
E06000010,"Kingston upon Hull, City of",14.890348676542105,22.496294534209227,1.5107970285242107,,,steady rise,,,,,
E06000011,East Riding of Yorkshire,2.919925512104283,3.044645419806516,1.042713386757716,,,little change,,,,,
E06000012,North East Lincolnshire,8.474469953581735,13.328074722357862,1.5727325479187935,,,steady rise,,,,,
E06000013,North Lincolnshire,16.05380579766976,5.621310464330818,0.35015438302777785,,,little change,,,,,
E06000014,York,5.552572973832816,9.416259776278977,1.6958371948742073,,,steady rise,,,,,
E06000015,Derby,19.08893196539171,22.521500374412852,1.1798198251868885,,,little change,,,,,
E06000016,Leicester,23.633713360411136,18.794686268574353,0.7952489725993444,,,little change,,,,,
E06000017,Rutland,4.625591414902334,4.229974474291965,0.9144721387765025,,,little change,,,,,
E06000018,Nottingham,,79.07163882006648,,2022.0,2.289743863219546,"step, cause unclear",-5.772716669198075,0.025384057258279486,40.0,19.0,
E06000019,"Herefordshire, County of",3.452618778771823,3.8022415418456057,1.1012630659438605,,,little change,,,,,
E06000020,Telford and Wrekin,23.861928597630968,29.634351573257177,1.2419093222917155,,,little change,,,,,
E06000021,Stoke-on-Trent,16.97354194492145,20.191909689557857,1.1896108517055484,,,little change,,,,,
E06000022,Bath and North East Somerset,2.943381556660095,10.73318756768907,3.646549847879118,,,steady rise,,,,,
E06000023,"Bristol, City of",21.87529571866959,20.771915625474225,0.949560449038699,,,little change,,,,,
E06000024,North Somerset,10.2275645218335,8.811028868838584,0.8614982433040693,,,little change,,,,,
E06000025,South Gloucestershire,4.6911066611477175,7.159069353688769,1.5260939200084707,,,steady rise,,,,,
E06000026,Plymouth,50.102292823320454,19.74961751206308,0.39418590246373886,,,little change,,,,,
E06000027,Torbay,7.614534671464867,7.249488313509954,0.9520592690551521,,,little change,,,,,
E06000030,Swindon,6.852042186357028,14.186731552040932,2.0704384424672493,,,steady rise,,,,,
E06000031,Peterborough,35.20018797952658,45.65823047308202,1.2971018933091532,,,steady rise,,,,,
E06000032,Luton,15.561195282982865,43.598944455611964,2.8017734925086457,,,steady rise,,,,,
E06000033,Southend-on-Sea,1.4459880918627728,11.084480082489153,7.665678676654753,2017.0,2.975539084321977,recording change likely,-6.485911403204037,0.7974794841735052,127.0,151.0,reporting basis changed
E06000034,Thurrock,6.883031749761908,16.17309279040207,2.3497048071820266,2022.0,2.3497193382627004,"step, cause unclear",6.0356049574842086,1.808326276725682,69.0,64.0,
E06000035,Medway,18.55265222993171,18.533129881369895,0.9989477327381625,,,little change,,,,,
E06000036,Bracknell Forest,4.684604296794564,4.6211580808237445,0.9864564407255842,,,little change,,,,,
E06000037,West Berkshire,6.875424164198321,6.213972508252452,0.9037947855798951,,,little change,,,,,
E06000038,Reading,13.75935838713831,7.711965729633555,0.5604887606418034,,,little change,,,,,
E06000039,Slough,4.831584759801215,8.832086450540316,1.827989549934687,2019.0,3.0184386158093055,"step, cause unclear",-4.143945038974772,0.1681788188716595,150.0,414.0,
E06000040,Windsor and Maidenhead,3.131672597864769,8.050792832280521,2.5707645293986663,,,steady rise,,,,,
E06000041,Wokingham,3.744348748516152,9.318550031410842,2.4886971426215814,,,steady rise,,,,,
E06000042,Milton Keynes,17.60297606210912,15.734020935434845,0.8938273210120843,,,little change,,,,,
E06000043,Brighton and Hove,7.575232347263831,5.978056848204104,0.7891582164292789,,,little change,,,,,
E06000044,Portsmouth,4.47623666343356,4.400383213735583,0.9830541914109178,,,little change,,,,,
E06000045,Southampton,25.901521604783618,42.332870615620784,1.6343777505257662,,,steady rise,,,,,
E06000046,Isle of Wight,5.117773949300016,6.53957151590111,1.2778156246614918,,,steady rise,,,,,
E06000047,County Durham,17.092935413275598,10.267797040826583,0.6007041384390814,,,little change,,,,,
E06000049,Cheshire East,5.554129362812737,9.754016572428455,1.7561738186610762,,,steady rise,,,,,
E06000050,Cheshire West and Chester,10.162650385634947,6.886616390365285,0.6776398015324444,,,little change,,,,,
E06000051,Shropshire,4.763505215941261,3.797027190627885,0.7971078058067369,,,little change,,,,,
E06000052,Cornwall,7.478447594113257,5.35614661436608,0.716211024676061,,,little change,,,,,
E06000053,Isles of Scilly,0.0,0.0,,,,little change,,,,,
E06000054,Wiltshire,3.662109884151364,5.36407015411364,1.4647485531026543,,,steady rise,,,,,
E06000055,Bedford,27.5123417566841,10.201097079756364,0.3707825807767896,,,little change,,,,,
E06000056,Central Bedfordshire,5.032289884557883,8.303602750878678,1.6500644719135051,2021.0,3.0075522391121483,recording change likely,-0.5709814640434518,2.720485089823069,100.0,2987.0,FixMyStreet reports rose 3-fold or more
E06000057,Northumberland,5.0474107417789105,12.420866315338289,2.4608392204991576,2018.0,2.1982195965086353,recording change likely,-0.7276368508352948,0.6453228643276949,95.0,108.0,large loads did not rise with the total
E06000058,"Bournemouth, Christchurch and Poole",7.54806273508331,7.046901596470594,0.9336040046032839,,,little change,,,,,
E06000059,Dorset,4.141645917752933,4.329433624484918,1.0453413233437083,,,little change,,,,,
E06000060,Buckinghamshire,3.741420216557151,7.2575514494357165,1.9397851696311472,,,steady rise,,,,,
E06000061,North Northamptonshire,8.413755976881829,11.174939534530996,1.3281749037214736,,,steady rise,,,,,
E06000062,West Northamptonshire,27.944070376122312,38.769047906471414,1.3873801269695787,,,steady rise,,,,,
E06000063,Cumberland,5.727021693374529,12.473047059204676,2.1779290750084783,,,steady rise,,,,,
E06000064,Westmorland and Furness,9.39657091961701,7.566237532404763,0.8052126245978625,,,little change,,,,,
E06000065,North Yorkshire,8.304215336894254,4.897998460354119,0.5898207430379512,,,little change,,,,,
E06000066,Somerset,9.628668851688003,7.254628899148653,0.7534404818457167,,,little change,,,,,
E07000008,Cambridge,8.71838882249617,14.447048513135792,1.6570777935319756,,,steady rise,,,,,
E07000009,East Cambridgeshire,2.7022916837265893,4.731911971415389,1.7510737275000072,2018.0,3.811348011309395,"step, cause unclear",-7.884569108600553,34.597421808960284,66.0,47.0,
E07000010,Fenland,8.202926505511828,10.598671325985945,1.2920597690183295,,,steady rise,,,,,
E07000011,Huntingdonshire,2.127043004520691,16.446173245848385,7.731942048606758,2022.0,2.398041974958199,recording change likely,16.154209264018863,0.1594351732991014,146.0,152.0,small items +16 pts
E07000012,South Cambridgeshire,3.3575640839588914,5.465304300956863,1.627758745415439,,,steady rise,,,,,
E07000032,Amber Valley,2.162285194036645,1.6836460290117155,0.7786419819434707,,,little change,,,,,
E07000033,Bolsover,11.002413265173729,14.883900741778818,1.352785101146062,,,steady rise,,,,,
E07000034,Chesterfield,3.7589298556839434,4.83105706986304,1.2852213942108854,,,steady rise,,,,,
E07000035,Derbyshire Dales,3.4575813796593016,4.057841674452331,1.1736069896501402,2019.0,2.2224841959032906,"step, cause unclear",-2.1747726374060914,0.08259847148736038,50.0,83.0,
E07000036,Erewash,2.285795288426611,2.096711934589606,0.9172789642211762,,,little change,,,,,
E07000037,High Peak,4.9130057263444815,4.2703610595764765,0.8691952131620729,,,little change,,,,,
E07000038,North East Derbyshire,4.993958920660491,6.252288009864936,1.2519702522979546,,,steady rise,,,,,
E07000039,South Derbyshire,5.894399800401277,4.917057464828165,0.8341913733936784,,,little change,,,,,
E07000040,East Devon,3.844154322660008,2.500221538617346,0.6503957252390659,,,little change,,,,,
E07000041,Exeter,9.196473978640448,8.02117878955736,0.8722015424810852,,,little change,,,,,
E07000042,Mid Devon,4.406792538844357,5.734295316208784,1.3012401345565845,,,steady rise,,,,,
E07000043,North Devon,5.661788270483923,5.68119958430247,1.0034284775218003,,,little change,,,,,
E07000044,South Hams,5.21063111831829,6.915583701651384,1.327206540746903,,,steady rise,,,,,
E07000045,Teignbridge,5.041589134341652,7.173757883850669,1.4229160077693328,,,steady rise,,,,,
E07000046,Torridge,4.471168670983657,3.1774459112048294,0.7106522131060181,,,little change,,,,,
E07000047,West Devon,3.814037881172354,5.7605057010314535,1.5103430748466495,,,steady rise,,,,,
E07000061,Eastbourne,12.984045618008782,6.892833763333205,0.5308694967747873,,,little change,,,,,
E07000062,Hastings,22.67182451590215,16.917148785280652,0.7461750056072843,,,little change,,,,,
E07000063,Lewes,2.7616791815753667,3.905750405824192,1.4142665201235298,2015.0,0.49748287654060985,recording change likely,-23.874723459785702,1.4176470588235293,36.0,311.0,FixMyStreet reports rose 3-fold or more
E07000064,Rother,4.579868301394778,9.098773281082265,1.9866888483040603,,,steady rise,,,,,
E07000065,Wealden,3.869702695157028,4.107162357280658,1.061363799968616,,,little change,,,,,
E07000066,Basildon,31.88707081545064,32.259737565478964,1.011687080076598,,,little change,,,,,
E07000067,Braintree,5.0826935614779725,5.536683704244579,1.0893207779055232,,,little change,,,,,
E07000068,Brentwood,6.327424177701837,15.818336098481488,2.499964543901783,2022.0,2.091238112000786,"step, cause unclear",-16.311028918823578,1.4127043243148136,97.0,237.0,
E07000069,Castle Point,4.141348993516413,10.852076652500527,2.6204207057869917,2015.0,2.458162702029603,"step, cause unclear",-21.972507187981424,0.28482210446631345,3.0,6.0,
E07000070,Chelmsford,2.5750670162657423,3.745012101785831,1.454335781604898,2021.0,2.347450068040874,"step, cause unclear",-10.589998472660621,1.1013488149660353,86.0,112.0,
E07000071,Colchester,7.477246776857672,12.61967374779143,1.6877433799362809,,,steady rise,,,,,
E07000072,Epping Forest,13.828591060998844,22.70525017618041,1.6419062561056312,,,steady rise,,,,,
E07000073,Harlow,22.32632783828753,25.804174754258312,1.155773351585683,,,little change,,,,,
E07000074,Maldon,3.971457169610281,5.547589043873752,1.3968648803074306,,,steady rise,,,,,
E07000075,Rochford,4.725807225447393,6.80956959447995,1.4409325792664527,,,steady rise,,,,,
E07000076,Tendring,5.105656720519533,3.4989503149055285,0.6853085717344288,,,little change,,,,,
E07000077,Uttlesford,1.0927104074595697,3.483578178099266,3.188015922899644,2016.0,2.5174081379209583,recording change likely,5.199352935579027,1.6868784530386738,4.0,14.0,reporting basis changed
E07000078,Cheltenham,4.048029788033546,10.809815848260977,2.670389402819137,2021.0,5.249308095192715,"step, cause unclear",-9.73858869883179,3.166529605263157,179.0,452.0,
E07000079,Cotswold,3.7982520896339866,10.601400431908907,2.7911260710793147,2019.0,2.4743312848830303,recording change likely,15.915573013408036,1.3971565388470248,53.0,119.0,small items +16 pts
E07000080,Forest of Dean,10.075962841107025,15.020881045399435,1.4907638388778657,2020.0,2.057640111987365,recording change likely,10.981898972335834,0.17548655149792258,28.0,41.0,small items +11 pts
E07000081,Gloucester,15.326498435336582,10.174766578884368,0.6638676552124623,,,little change,,,,,
E07000082,Stroud,6.300296484540449,9.196215403660801,1.459648038187775,,,steady rise,,,,,
E07000083,Tewkesbury,6.140109396880872,6.756129511392587,1.1003272213398427,2020.0,2.206284236153378,recording change likely,9.934754898783677,0.11768941072219757,152.0,312.0,large loads did not rise with the total
E07000084,Basingstoke and Deane,10.375072129255626,13.997357033658954,1.3491334671485522,2017.0,2.021059990275638,"step, cause unclear",-4.381651793402918,4.620964630225081,89.0,208.0,
E07000085,East Hampshire,3.7029191204507903,9.494475031763756,2.5640514207633855,2020.0,2.11848553531738,recording change likely,17.853754728463862,0.7712649399541145,3.0,3.0,small items +18 pts
E07000086,Eastleigh,4.157236263045392,4.784103825844232,1.1507894964669694,,,little change,,,,,
E07000087,Fareham,2.9608605767546163,2.1533498975633147,0.7272716299001117,2018.0,0.3135879318625678,recording change likely,-28.206253478050392,1.7841514047734275,32.0,48.0,reporting basis changed
E07000088,Gosport,5.095464675058724,5.468050615760567,1.07312109188502,,,little change,,,,,
E07000089,Hart,7.601186737986444,12.363413015266042,1.6265108911850144,2021.0,2.08247903104364,"step, cause unclear",-5.4537741271997175,1.3238737065908206,1606.0,2486.0,
E07000090,Havant,10.230791461954501,9.826963420982066,0.9605281719919558,,,little change,,,,,
E07000091,New Forest,4.919184820801124,6.362249891875896,1.2933545137342,,,steady rise,,,,,
E07000092,Rushmoor,11.90525616540729,4.754327408212373,0.39934692224656754,,,little change,,,,,
E07000093,Test Valley,4.448945035608161,8.441284614075713,1.8973677009974135,,,steady rise,,,,,
E07000094,Winchester,5.212710864342172,6.572431799765913,1.2608471812094904,2019.0,2.1375135626596067,recording change likely,-10.130487893196117,0.4005207393185536,139.0,410.0,large loads did not rise with the total
E07000095,Broxbourne,5.871782012704781,13.569046295561026,2.31089067444971,,,steady rise,,,,,
E07000096,Dacorum,7.303521221046994,11.784856552417478,1.6135855836848056,,,steady rise,,,,,
E07000098,Hertsmere,4.129118110390309,10.182267190062843,2.465966561828466,,,steady rise,,,,,
E07000099,North Hertfordshire,4.3643322804997595,10.582089441012304,2.424675474022466,,,steady rise,,,,,
E07000102,Three Rivers,5.83427973367181,4.760659168192519,0.8159806155191659,,,little change,,,,,
E07000103,Watford,10.205573893786822,12.431805653240064,1.2181388114595473,,,little change,,,,,
E07000105,Ashford,7.8708056343653015,9.0055662907738,1.1441733806071817,,,little change,,,,,
E07000106,Canterbury,10.968294772922022,18.54999630478161,1.6912379443500112,2019.0,2.0317685889762025,recording change likely,2.0108349383642032,0.6789677185492478,88.0,156.0,large loads did not rise with the total
E07000107,Dartford,17.150343403866767,13.596160328747773,0.7927631539833974,,,little change,,,,,
E07000108,Dover,9.019548308164925,7.994955863808324,0.8864031313597942,,,little change,,,,,
E07000109,Gravesham,16.689619307183374,21.848708689993952,1.309119656227872,,,steady rise,,,,,
E07000110,Maidstone,5.982585721816115,14.889872032729176,2.4888689815896368,2019.0,2.751336440529012,"step, cause unclear",5.068213984442405,1.1988396600970515,32.0,21.0,
E07000111,Sevenoaks,4.661685062041545,7.32420271291096,1.5711491907828259,,,steady rise,,,,,
E07000112,Folkestone and Hythe,9.317373018440636,15.120848800588133,1.622866098702011,,,steady rise,,,,,
E07000113,Swale,18.9168792898983,14.100344362737268,0.7453842754215234,,,little change,,,,,
E07000114,Thanet,9.487569020421281,18.041292140828833,1.9015716356841572,,,steady rise,,,,,
E07000115,Tonbridge and Malling,3.964591542739741,6.959666408354552,1.755456100162353,,,steady rise,,,,,
E07000116,Tunbridge Wells,2.6657636066826442,6.203057651441501,2.3269346298716904,2015.0,2.292482796791226,"step, cause unclear",-17.451585896432935,3.8197386210004503,66.0,156.0,
E07000117,Burnley,52.51954136913477,37.38874843271464,0.71190165523204,2016.0,0.49580256726322286,recording change likely,15.220061187438358,0.5968156757449827,21.0,47.0,small items +15 pts
E07000118,Chorley,7.834059549745825,7.3530031789933465,0.9385942412490231,,,little change,,,,,
E07000119,Fylde,6.5440048260396315,4.894905628590017,0.7479984747432356,,,little change,,,,,
E07000120,Hyndburn,14.16092182872502,31.618370825630805,2.232790436106628,,,steady rise,,,,,
E07000121,Lancaster,45.719023757165004,21.949742658189525,0.48010086074398295,,,little change,,,,,
E07000122,Pendle,48.15917107583774,47.528439315819625,0.986903184877811,,,little change,,,,,
E07000123,Preston,12.944314486221257,34.91487873855922,2.6973138497001763,,,steady rise,,,,,
E07000124,Ribble Valley,12.549400263468073,9.786944556108724,0.7798734880262769,,,little change,,,,,
E07000125,Rossendale,5.620450810049307,15.101385208879615,2.68686369105455,2015.0,2.3381430102869625,recording change likely,-11.48187648028366,3.027935069837674,12.0,149.0,FixMyStreet reports rose 3-fold or more; reporting basis changed
E07000126,South Ribble,5.0331101497993185,3.8515313794286015,0.7652388413518371,,,little change,,,,,
E07000127,West Lancashire,8.263434745521751,17.10539535818346,2.0700103389154836,2019.0,2.001459834693074,"step, cause unclear",1.9769014222136672,1.0715258425154646,50.0,30.0,
E07000128,Wyre,17.730727369135884,7.3892259764334325,0.41674691751766246,,,little change,,,,,
E07000129,Blaby,3.577252880214635,6.583522648245166,1.840385029713123,,,steady rise,,,,,
E07000130,Charnwood,3.045637154403138,5.3741171472571825,1.7645296779649917,,,steady rise,,,,,
E07000131,Harborough,4.270372999335974,3.1829782353109857,0.7453630481004648,2020.0,0.4943751453000976,"step, cause unclear",-3.882254929186341,0.7785236161251504,141.0,214.0,
E07000132,Hinckley and Bosworth,3.991885956749916,7.113918120537535,1.7820945281536777,,,steady rise,,,,,
E07000133,Melton,8.7048790552357,6.106612051633753,0.7015160133627388,,,little change,,,,,
E07000134,North West Leicestershire,11.763708429597914,5.300511280346098,0.4505816607125199,,,little change,,,,,
E07000135,Oadby and Wigston,0.4050508074599792,0.3249029566169052,0.8021288950251187,,,little change,,,,,
E07000136,Boston,14.134222990080724,64.83787073926516,4.587296435380128,2021.0,2.684303630552033,recording change likely,16.62842394297442,0.7034242804917639,110.0,2095.0,small items +17 pts; FixMyStreet reports rose 3-fold or more
E07000137,East Lindsey,13.09086644530935,10.042067182746218,0.7671048531966681,,,little change,,,,,
E07000138,Lincoln,10.661659073184747,25.57932178364956,2.3991877444275427,,,steady rise,,,,,
E07000139,North Kesteven,8.686543983529878,7.709205108288022,0.8874881797530825,,,little change,,,,,
E07000140,South Holland,6.4283648819983545,17.630610440611058,2.7426275210330493,2019.0,2.215671833747457,recording change likely,-0.7568901686548751,0.0833301897468784,64.0,268.0,FixMyStreet reports rose 3-fold or more
E07000141,South Kesteven,4.342022267533116,8.167345578684657,1.881000390015242,,,steady rise,,,,,
E07000142,West Lindsey,8.099868710919246,15.334384602943556,1.8931645870101113,,,steady rise,,,,,
E07000143,Breckland,10.625614735775388,5.65456725528668,0.5321637755459281,,,little change,,,,,
E07000144,Broadland,4.533062575451108,6.6283758303599924,1.4622290603831714,,,steady rise,,,,,
E07000145,Great Yarmouth,55.75517661388551,11.721017756691289,0.21022295091739043,2017.0,0.23294901916904678,recording change likely,20.78340184689124,1.516827613304922,37.0,32.0,small items +21 pts
E07000146,King's Lynn and West Norfolk,14.163272346127822,11.722751485351363,0.8276866531170187,,,little change,,,,,
E07000147,North Norfolk,3.382309436939158,3.722288288810898,1.1005167794994553,,,little change,,,,,
E07000148,Norwich,21.99774382114655,36.83085266975868,1.6743013724140645,,,steady rise,,,,,
E07000149,South Norfolk,6.16775036555393,4.972240031647728,0.8061675225082116,,,little change,,,,,
E07000170,Ashfield,4.9525347748698,8.546342072020087,1.7256500883923154,,,steady rise,,,,,
E07000171,Bassetlaw,9.526576683659544,17.275415434592478,1.8133917364276433,,,steady rise,,,,,
E07000172,Broxtowe,4.097914777878513,6.168053010009869,1.5051686880621429,2022.0,3.754659022710762,recording change likely,32.11500947103559,0.20323426573426573,230.0,94.0,small items +32 pts; large loads did not rise with the total
E07000173,Gedling,7.9416855857971695,10.399055249228992,1.309426712614581,2015.0,2.047972228832,"step, cause unclear",0.20416441178647826,1.2263786187231165,27.0,29.0,
E07000174,Mansfield,9.095671222439163,17.32706040197368,1.9049787506861011,,,steady rise,,,,,
E07000175,Newark and Sherwood,9.548298620039429,12.67975510591511,1.3279596303475005,,,steady rise,,,,,
E07000176,Rushcliffe,3.7394494105915452,7.624932213695298,2.039052110746193,2016.0,2.3081515086402518,"step, cause unclear",-12.728639110370398,4.470387652548458,14.0,40.0,
E07000177,Cherwell,3.2303612632158973,6.562242963916604,2.03142696101542,,,steady rise,,,,,
E07000178,Oxford,8.34645872601926,29.650046935444333,3.552410418446477,,,steady rise,,,,,
E07000179,South Oxfordshire,3.7626543816365,5.027344007379588,1.3361163416750048,,,steady rise,,,,,
E07000180,Vale of White Horse,2.762453317779344,3.053173241852487,1.1052397599633808,,,little change,,,,,
E07000181,West Oxfordshire,4.682205756413597,9.516782237575779,2.0325425093803,2019.0,2.2740233646053634,"step, cause unclear",-0.25861206761062516,1.9819185559656358,301.0,884.0,
E07000192,Cannock Chase,3.422902703478243,4.6366216151219275,1.3545876166478068,,,steady rise,,,,,
E07000193,East Staffordshire,2.8678560421874466,9.135162966314574,3.1853631534959344,,,steady rise,,,,,
E07000194,Lichfield,2.1391423805318417,3.0591588674757855,1.4300866063507216,,,steady rise,,,,,
E07000195,Newcastle-under-Lyme,20.85216998191682,6.589579051414406,0.3160140674629521,,,little change,,,,,
E07000196,South Staffordshire,3.1669184427497585,10.25627550931035,3.2385663523450496,2017.0,2.720488815856992,"step, cause unclear",7.702016162521009,0.6742819983139056,180.0,166.0,
E07000197,Stafford,3.000487388814427,3.4916100362146327,1.1636809570442026,,,little change,,,,,
E07000198,Staffordshire Moorlands,4.692753563398584,3.863335797815289,0.82325563139467,,,little change,,,,,
E07000199,Tamworth,14.66859833393698,13.64515076196932,0.9302286729332665,,,little change,,,,,
E07000200,Babergh,2.5412960609911055,4.049977558114047,1.5936661691178773,,,steady rise,,,,,
E07000202,Ipswich,4.314126937701082,7.4078850273318,1.7171226378608424,,,steady rise,,,,,
E07000203,Mid Suffolk,2.9907001515834324,3.6894909612094873,1.2336545872898956,,,little change,,,,,
E07000207,Elmbridge,4.824238858655685,9.170873813867322,1.9009991176976806,,,steady rise,,,,,
E07000208,Epsom and Ewell,7.511687765929506,5.4340638863174595,0.7234145049218564,,,little change,,,,,
E07000209,Guildford,8.102730018753668,8.583747577168023,1.0593648754556853,,,little change,,,,,
E07000210,Mole Valley,9.709628237020395,7.060312009308316,0.7271454516032966,,,little change,,,,,
E07000211,Reigate and Banstead,1.7489631147248417,21.207095517060896,12.125524740067108,2019.0,15.817784068145247,recording change likely,25.030774614851936,0.04046009277805493,49.0,110.0,small items +25 pts; large loads did not rise with the total
E07000212,Runnymede,5.931504657830939,14.897945789853646,2.511663844044185,,,steady rise,,,,,
E07000213,Spelthorne,3.334602677974126,13.3714100151861,4.009896022547923,2016.0,2.5507900142656457,"step, cause unclear",4.751851552239062,1.0651834530223412,51.0,109.0,
E07000214,Surrey Heath,2.591590460207099,7.053757053757053,2.721786934342,,,steady rise,,,,,
E07000215,Tandridge,10.985238585650533,10.726420751071531,0.9764394889959802,,,little change,,,,,
E07000216,Waverley,3.2138502410387684,5.748712288447388,1.7887306057513468,,,steady rise,,,,,
E07000217,Woking,9.064037473853737,11.663702938870724,1.2868109793804385,,,steady rise,,,,,
E07000218,North Warwickshire,10.409784552911033,15.213662465508241,1.461477169693568,,,steady rise,,,,,
E07000219,Nuneaton and Bedworth,3.9849976558837317,13.780804150453955,3.4581712062256806,2020.0,2.445118992132362,recording change likely,-9.72227123786144,8.654053568218586,120.0,258.0,reporting basis changed
E07000220,Rugby,7.292102167212764,16.315068035171006,2.2373614166471643,,,steady rise,,,,,
E07000221,Stratford-on-Avon,1.908710961924507,3.1241263628739167,1.6367728929077536,,,steady rise,,,,,
E07000222,Warwick,6.8413088843790115,17.513067294153952,2.5599000995470504,,,steady rise,,,,,
E07000223,Adur,4.56642800318218,9.302541559607468,2.0371593624436564,2020.0,2.132783502090659,"step, cause unclear",-5.996050616391157,2.18661419167428,19.0,59.0,
E07000224,Arun,4.705511231450691,9.725424190881451,2.0668156364984682,,,steady rise,,,,,
E07000225,Chichester,4.435067171891147,6.681549739546225,1.5065272927303062,,,steady rise,,,,,
E07000226,Crawley,14.418679722386614,15.541041885798618,1.0778408415348468,,,little change,,,,,
E07000227,Horsham,3.837527291152823,8.96021397525911,2.3348925741626174,,,steady rise,,,,,
E07000228,Mid Sussex,2.826143223901896,2.948076612753069,1.0431448016575842,,,little change,,,,,
E07000229,Worthing,2.6563271849456154,4.642558252213363,1.7477358506604348,2020.0,2.034057049353346,"step, cause unclear",4.36007886502936,3.314225289403384,25.0,51.0,
E07000234,Bromsgrove,9.541944356289008,15.68832398213247,1.6441433104556347,,,steady rise,,,,,
E07000235,Malvern Hills,3.101227237787261,2.8860740759012815,0.9306232193292961,,,little change,,,,,
E07000236,Redditch,13.5341167640091,25.70445011854824,1.899233660145697,,,steady rise,,,,,
E07000237,Worcester,3.484870921565724,4.096456375584362,1.175497304716198,,,little change,,,,,
E07000238,Wychavon,4.9263543313639016,6.524242987181869,1.3243552023135896,,,steady rise,,,,,
E07000239,Wyre Forest,3.5468898842700503,8.024488692327004,2.262401414804126,,,steady rise,,,,,
E07000240,St Albans,5.512335149977119,4.422354937405641,0.802265250040901,,,little change,,,,,
E07000241,Welwyn Hatfield,22.84883090600267,24.88385621932534,1.0890647456622407,,,little change,,,,,
E07000242,East Hertfordshire,5.453968925060775,4.4321977722032315,0.8126554868762554,2021.0,0.4907259564622073,"step, cause unclear",5.778138797698945,0.9452337305224564,147.0,3.0,
E07000243,Stevenage,39.32240916062224,32.36896151442093,0.8231683206947416,,,little change,,,,,
E07000244,East Suffolk,3.956478733926805,7.351550585669506,1.8581044105279678,,,steady rise,,,,,
E07000245,West Suffolk,2.8930276870882663,1.4665483509301425,0.5069251004666925,2022.0,0.4183224417574593,recording change likely,2.8719988833054155,3.454861111111111,114.0,58.0,formed from merged councils
E08000001,Bolton,15.50976639479599,23.342881799180343,1.5050440609481137,2022.0,5.8390523307275695,"step, cause unclear",1.3076564119960805,1.3825610699272366,845.0,426.0,
E08000002,Bury,10.689870812911227,16.047037075074456,1.5011441537434524,,,steady rise,,,,,
E08000003,Manchester,39.625623188634535,23.992551733829885,0.6054807420848703,,,little change,,,,,
E08000004,Oldham,3.6008617295637824,23.19039675530697,6.440235281713057,2019.0,4.536646105935192,"step, cause unclear",-7.404499947287791,0.7311786966792979,180.0,158.0,
E08000005,Rochdale,19.209140576838916,22.56948139571512,1.1749344696309774,,,little change,,,,,
E08000006,Salford,14.946290632393797,22.64190389909056,1.5148844924785352,,,steady rise,,,,,
E08000007,Stockport,6.70257288916353,10.795896757556626,1.610709340440151,,,steady rise,,,,,
E08000008,Tameside,4.608608481472578,13.407563992549028,2.909243440064351,2020.0,2.8386023116637724,"step, cause unclear",-19.67997889527745,4.698475811795893,111.0,181.0,
E08000009,Trafford,5.903623348830345,8.799734664489124,1.4905650554811516,,,steady rise,,,,,
E08000010,Wigan,8.04126887324785,8.39134081911966,1.0435344161959874,2022.0,2.923593079222509,"step, cause unclear",-15.911527514342882,0.47911875075656696,31.0,12.0,
E08000011,Knowsley,15.01071219006291,16.119001702357544,1.0738332397731483,,,little change,,,,,
E08000012,Liverpool,38.341946644032106,39.94474638037631,1.0418027741581473,,,little change,,,,,
E08000013,St. Helens,6.885764319839502,10.283569009726383,1.4934535270248805,,,steady rise,,,,,
E08000014,Sefton,11.40920478865215,13.891854952376884,1.21760063121963,,,little change,,,,,
E08000015,Wirral,7.166274443621453,11.274429222328022,1.5732622733089925,,,steady rise,,,,,
E08000017,Doncaster,17.077184379398993,8.444016682707732,0.4944618793771498,2018.0,0.3920475219244022,"step, cause unclear",-1.0876371194460166,0.8809856205500489,249.0,125.0,
E08000018,Rotherham,11.280268012382852,19.095380101936342,1.6928126247509807,,,steady rise,,,,,
E08000021,Newcastle upon Tyne,28.085305149263096,50.65836083151962,1.8037319004471917,,,steady rise,,,,,
E08000022,North Tyneside,7.158818992623648,18.256638345593124,2.5502304729878658,2018.0,2.0303644638142413,"step, cause unclear",-3.265364561360651,1.4400391420108176,72.0,177.0,
E08000023,South Tyneside,22.817500643605275,27.861274765206474,1.2210484925751386,,,little change,,,,,
E08000024,Sunderland,38.75064941670573,33.79217388535708,0.872041485601245,,,little change,,,,,
E08000025,Birmingham,12.946902304037852,15.238464918955614,1.1769969805212073,,,little change,,,,,
E08000026,Coventry,8.647474666683074,19.419956560623483,2.245737317444195,2017.0,2.335003563009908,recording change likely,13.746502377341052,1.3673645121360531,58.0,367.0,small items +14 pts; FixMyStreet reports rose 3-fold or more
E08000027,Dudley,2.486802773007696,8.839543076758833,3.554581478155476,,,steady rise,,,,,
E08000028,Sandwell,11.019557849569354,35.495120744061495,3.221102083097522,,,steady rise,,,,,
E08000029,Solihull,5.595007531740908,16.51596193394527,2.951910581040141,2019.0,2.2152694305113347,recording change likely,4.330115728987854,1.0732405076099831,183.0,919.0,FixMyStreet reports rose 3-fold or more; reporting basis changed
E08000030,Walsall,12.280650487281017,15.791013440258826,1.2858450337474767,,,steady rise,,,,,
E08000031,Wolverhampton,17.405081953678184,10.89681128805516,0.6260706681563402,,,little change,,,,,
E08000032,Bradford,16.77094524050901,33.13946911489821,1.9760048488413289,,,steady rise,,,,,
E08000033,Calderdale,7.398447443333625,6.560788450700155,0.886779084524248,,,little change,,,,,
E08000034,Kirklees,0.885227243453885,18.78516430525158,21.220725462489874,2017.0,14.4963433810038,recording change likely,13.062960193184669,0.02727625461468122,114.0,109.0,small items +13 pts; large loads did not rise with the total; reporting basis changed
E08000035,Leeds,13.738129097333879,14.741277377301074,1.0730192788887007,2021.0,0.454826543535854,recording change likely,-5.3407073367026605,1.858337833986671,80.0,37.0,reporting basis changed
E08000036,Wakefield,7.135755165389465,15.20963967146516,2.1314688241037802,2022.0,2.01522516866204,"step, cause unclear",9.687015241247671,0.7856334585223984,171.0,196.0,
E08000037,Gateshead,36.375618450416624,25.97531550674703,0.7140858798635635,,,little change,,,,,
E08000038,Barnsley,9.204896221394359,20.01446829033036,2.1743285104955334,,,steady rise,,,,,
E08000039,Sheffield,32.56893704311368,20.129577414992443,0.6180606197968812,,,little change,,,,,
E09000001,City of London,59.7551237689646,159.50117128289926,2.6692467728723943,2015.0,3.744116217072793,"step, cause unclear",5.63107595382003,0.32217973231357555,4.0,4.0,
E09000002,Barking and Dagenham,12.624508364977306,17.337860566625633,1.3733493665958532,,,steady rise,,,,,
E09000003,Barnet,4.826226021469788,21.998689482345526,4.558155665417013,2015.0,3.31906478782829,"step, cause unclear",1.1708973426282632,1.9669203899692407,85.0,5.0,
E09000004,Bexley,4.564527943972325,14.776345361468348,3.2372121592510372,2019.0,2.399867673627345,recording change likely,5.565354093949559,0.3355067214038477,376.0,80.0,large loads did not rise with the total; reporting basis changed
E09000005,Brent,21.73379792693972,76.7365321323402,3.530746553837371,2015.0,2.3498654156913585,recording change likely,21.280181745609557,0.6971124541068737,540.0,389.0,small items +21 pts; large loads did not rise with the total
E09000006,Bromley,8.817196200664194,13.895156098646885,1.5759154931360346,,,steady rise,,,,,
E09000007,Camden,49.469613459349084,157.4889419093712,3.18354906974936,2018.0,4.827104318400137,"step, cause unclear",0.5239232571139008,0.27047438251862244,296.0,275.0,
E09000008,Croydon,40.379939615785396,88.2314165532784,2.1850309186392844,,,steady rise,,,,,
E09000009,Ealing,18.420457379492742,44.08155139398607,2.3930758333428512,2015.0,2.0372582415792637,"step, cause unclear",-2.254702168008127,1.315740405369445,256.0,711.0,
E09000010,Enfield,98.49760997532276,22.977382489649894,0.2332785789970596,2017.0,0.06929891151289228,"step, cause unclear",-19.464356033804542,4.703796898620541,97.0,0.0,
E09000011,Greenwich,48.34568013452711,45.36407726258202,0.9383274190445051,,,little change,,,,,
E09000012,Hackney,23.220669797282934,115.54768082009745,4.976070106023288,2022.0,2.3714472999083562,recording change likely,-1.7765885132696084,2.901119742149567,763.0,527.0,reporting basis changed
E09000013,Hammersmith and Fulham,48.431654985595735,62.61499449080834,1.2928526706227763,,,steady rise,,,,,
E09000014,Haringey,95.60767717487106,62.992507187439486,0.6588645289668856,,,little change,,,,,
E09000015,Harrow,28.10609733802828,47.06729925753939,1.6746294831141892,,,steady rise,,,,,
E09000016,Havering,11.844331641285956,12.413390654316062,1.0480448395286848,,,little change,,,,,
E09000017,Hillingdon,6.975963522179718,30.02872949744728,4.304599558465648,2016.0,3.7426373893018106,recording change likely,2.1914157086699415,2.0505377848118873,157.0,248.0,reporting basis changed
E09000018,Hounslow,59.740836838676394,90.07378916495205,1.5077423406067525,,,steady rise,,,,,
E09000019,Islington,12.38923068239544,5.9726243631639395,0.48208194005546934,,,little change,,,,,
E09000020,Kensington and Chelsea,42.27868201667329,49.11182186399075,1.1616214016468798,,,little change,,,,,
E09000021,Kingston upon Thames,2.0618180491187097,17.12808422232078,8.307272423792147,2015.0,3.8764845453759444,recording change likely,16.27022488500115,0.6864734299516909,42.0,87.0,small items +16 pts
E09000022,Lambeth,4.683539003185708,33.65342617897745,7.185469397412222,,,steady rise,,,,,
E09000023,Lewisham,31.99373549235115,91.57724289421118,2.862349190706564,2021.0,7.291522140759127,recording change likely,2.7391856187155117,1.2495601548535573,32640.0,12831.0,reporting basis changed
E09000024,Merton,15.099967830927152,73.69099713301966,4.880208882438061,2018.0,4.158236816509117,"step, cause unclear",0.3428388442111463,0.3673282064003969,173.0,147.0,
E09000025,Newham,214.32267346475174,52.49995988081928,0.24495756343508662,2016.0,0.2097019690808165,"step, cause unclear",-11.736393320193816,2.002239055054006,75.0,0.0,
E09000026,Redbridge,30.826689105305267,21.436874105865524,0.6953998216492293,2021.0,0.2825478612172351,recording change likely,-5.868761675016099,0.22755738973433065,15.0,9.0,reporting basis changed
E09000027,Richmond upon Thames,14.923976608187134,22.57018560305747,1.5123439412707005,,,steady rise,,,,,
E09000028,Southwark,88.35190631845448,64.13277229345942,0.7258787610343129,,,little change,,,,,
E09000029,Sutton,7.794537637512758,19.67848570445018,2.524650802857576,,,steady rise,,,,,
E09000030,Tower Hamlets,19.24201055147358,20.192523616330075,1.0493978039516096,,,little change,,,,,
E09000031,Waltham Forest,17.625567708974746,33.44527861608679,1.8975433397845574,,,steady rise,,,,,
E09000032,Wandsworth,4.2419771302102545,16.42495297694914,3.872004132218184,2016.0,3.5773010418246005,recording change likely,27.216249147177464,0.19762119554438026,136.0,334.0,small items +27 pts; large loads did not rise with the total
E09000033,Westminster,79.2980310967222,118.01167590354206,1.4882043636064515,,,steady rise,,,,,
