year,population,total,prosecutions,fpn,councils,churn_pct,prosecutions_per_1000_incidents,fpn_per_1000_incidents,cleansing_per_person_gbp
2012,53506812.0,706239.0,2170.0,35433.0,296,12.849,3.073,50.171,
2013,53918686.0,847856.0,2002.0,36835.0,296,12.679,2.361,43.445,
2014,54370319.0,894871.0,1810.0,38149.0,296,13.716,2.023,42.631,
2015,54808676.0,820428.0,2203.0,35888.0,296,13.577,2.685,43.743,
2016,55289034.0,932499.0,1571.0,57271.0,296,13.571,1.685,61.417,
2017,55619548.0,894789.0,2108.0,68903.0,296,14.823,2.356,77.005,11.896
2018,55924528.0,943846.0,2005.0,76963.0,296,14.736,2.124,81.542,12.418
2019,56230056.0,979728.0,1930.0,75445.0,296,15.187,1.97,77.006,12.368
2020,56325961.0,1138347.0,721.0,57658.0,296,13.776,0.633,50.651,12.314
2021,56554891.0,1078172.0,1960.0,91034.0,296,15.789,1.818,84.434,13.008
2022,57189701.0,1084044.0,1681.0,66661.0,296,15.489,1.551,61.493,14.018
2023,57990791.0,1152632.0,1598.0,63303.0,296,15.681,1.386,54.92,15.043
2024,58607170.0,1257357.0,1377.0,68760.0,296,15.719,1.095,54.686,15.571
