model,outcome,term,irr,lo,hi,p,n,n_council_years,incidents
between,"small items (single bag, single item, car boot)",t_hwrc_mean,1.173170652599954,0.8787533044410356,1.5662295358277694,0.27867512466691435,950,950,1797009
between,"small items (single bag, single item, car boot)",t_transfer_mean,0.7699381164955605,0.49768567667799746,1.191122692518788,0.24024119275909417,950,950,1797009
between,"small items (single bag, single item, car boot)",t_landfill_mean,0.8556631901095257,0.7297995001198685,1.0032337577487436,0.05482905550735806,950,950,1797009
between,"small items (single bag, single item, car boot)",private_rent_share,0.9300475800573854,0.5178205333777984,1.6704407133648922,0.80822264729283,950,950,1797009
between,"small items (single bag, single item, car boot)",social_rent_share,0.7770113142318389,0.484751097697512,1.2454774941449054,0.29459755901338536,950,950,1797009
between,"small items (single bag, single item, car boot)",no_car_share,1.2662360408995406,0.8293865199923681,1.933180335855587,0.27419889893489335,950,950,1797009
between,"small items (single bag, single item, car boot)",flat_share,1.0549471471034144,0.7758607082606237,1.4344243384571398,0.7329525786364981,950,950,1797009
between,"small items (single bag, single item, car boot)",student_share,1.2713913998581943,1.0064087882706805,1.6061426633713252,0.044054440545072016,950,950,1797009
between,"small items (single bag, single item, car boot)",hh_deprived_2plus_share,1.3318262327351686,0.8951705081151643,1.9814784983659848,0.15745871234488762,950,950,1797009
between,"small items (single bag, single item, car boot)",churn_rate,1.065544030020764,0.770747067423211,1.4730955561190093,0.7008378209336352,950,950,1797009
between,"small items (single bag, single item, car boot)",log_density,0.965039947874445,0.7837864901753478,1.1882089225410888,0.7374179438396697,950,950,1797009
between,van loads,t_hwrc_mean,1.031732320610465,0.8123623118120975,1.310340922903956,0.7978454531058254,950,950,1577956
between,van loads,t_transfer_mean,0.7457315374601061,0.5484218709213089,1.0140287166672983,0.0613241776493767,950,950,1577956
between,van loads,t_landfill_mean,0.8290905107239576,0.7416083061033107,0.9268923626062446,0.0009862408529739408,950,950,1577956
between,van loads,private_rent_share,1.4448697522169511,1.058722985068721,1.9718553675643173,0.020358228213572804,950,950,1577956
between,van loads,social_rent_share,1.0955793220265349,0.807756492283888,1.485960264408838,0.5571803533117798,950,950,1577956
between,van loads,no_car_share,1.3707486696085713,0.9799359713866712,1.9174231481418451,0.06552816607470446,950,950,1577956
between,van loads,flat_share,0.8783022649827086,0.7157503804682955,1.077770811898194,0.21396356742648726,950,950,1577956
between,van loads,student_share,1.1376248985311095,0.9430266767275444,1.372379426474941,0.17793580464717618,950,950,1577956
between,van loads,hh_deprived_2plus_share,1.2094014605656906,0.8784628613904252,1.6650127821036738,0.24378204063888154,950,950,1577956
between,van loads,churn_rate,0.8477953967623715,0.633033992798124,1.1354161750373495,0.2679156175564037,950,950,1577956
between,van loads,log_density,0.9328739323486491,0.7942217601166647,1.095731466143409,0.3973330232727368,950,950,1577956
between,tipper lorry or larger,t_hwrc_mean,0.6642141272359157,0.4484329112819962,0.9838270022566067,0.041215993110041094,950,950,142807
between,tipper lorry or larger,t_transfer_mean,1.254332008196458,0.8234107233958124,1.9107703386440502,0.2913283991970992,950,950,142807
between,tipper lorry or larger,t_landfill_mean,0.6663444170379429,0.43989553418143035,1.0093643777127017,0.055364152124204535,950,950,142807
between,tipper lorry or larger,private_rent_share,1.5414080846545448,0.6639332270252722,3.578581078226341,0.31398104814524563,950,950,142807
between,tipper lorry or larger,social_rent_share,2.1172762103072773,0.8597459660967712,5.214166425328206,0.1028156696506084,950,950,142807
between,tipper lorry or larger,no_car_share,2.0518964435007883,1.1257605976379186,3.739941710240375,0.01893700395449449,950,950,142807
between,tipper lorry or larger,flat_share,0.5221647463294464,0.31870517271305815,0.8555117571147087,0.009893697342315377,950,950,142807
between,tipper lorry or larger,student_share,1.0648346834622602,0.6346279200706317,1.786673525138913,0.8119518631935583,950,950,142807
between,tipper lorry or larger,hh_deprived_2plus_share,0.7723869449903384,0.44773610484402043,1.3324402172108534,0.3532295986863858,950,950,142807
between,tipper lorry or larger,churn_rate,0.6943700878475229,0.3329853079639072,1.4479612384268847,0.33065736425291625,950,950,142807
between,tipper lorry or larger,log_density,1.0382149079202332,0.7835176058125937,1.3757064130166263,0.7939740184560484,950,950,142807
between,"highways, footpaths and back alleys",t_hwrc_mean,1.076648738834794,0.8692477346827776,1.333535263405179,0.4987393051314286,950,950,2386098
between,"highways, footpaths and back alleys",t_transfer_mean,0.5838051973619143,0.3787971016451632,0.8997653545566289,0.014745100679791179,950,950,2386098
between,"highways, footpaths and back alleys",t_landfill_mean,0.7524406953082959,0.6482950350297173,0.8733168840789891,0.00018246597771987005,950,950,2386098
between,"highways, footpaths and back alleys",private_rent_share,1.485433460258271,0.9657344570621839,2.2848025652591817,0.07165785957796134,950,950,2386098
between,"highways, footpaths and back alleys",social_rent_share,1.0256058996399182,0.704406719246881,1.4932672171282149,0.8950566530057795,950,950,2386098
between,"highways, footpaths and back alleys",no_car_share,1.364494608816879,0.8562894950948116,2.1743178541320036,0.19109232091171835,950,950,2386098
between,"highways, footpaths and back alleys",flat_share,0.8664133403179076,0.6501713141361699,1.1545758171108975,0.3276589897321496,950,950,2386098
between,"highways, footpaths and back alleys",student_share,1.2358351883513679,0.9616292290956935,1.5882302311086234,0.09806301929418226,950,950,2386098
between,"highways, footpaths and back alleys",hh_deprived_2plus_share,1.1644593881083751,0.8462119214147219,1.6023948992431924,0.3498981473615368,950,950,2386098
between,"highways, footpaths and back alleys",churn_rate,0.782117453830496,0.5813815066402735,1.0521623144177317,0.10437872193313069,950,950,2386098
between,"highways, footpaths and back alleys",log_density,0.9030155501882702,0.7470100790666275,1.0916011801349386,0.2917680405997791,950,950,2386098
between,council land,t_hwrc_mean,1.0281534734410551,0.661036659530628,1.5991542219451262,0.9019494508692447,950,950,631837
between,council land,t_transfer_mean,0.7992120328593079,0.34307611690930745,1.8618022123526567,0.6034407882633506,950,950,631837
between,council land,t_landfill_mean,0.8760780540445268,0.6451459639851901,1.1896730346685755,0.3967323048262139,950,950,631837
between,council land,private_rent_share,2.358643565625569,0.862233390988609,6.452080756566748,0.09466361032775339,950,950,631837
between,council land,social_rent_share,3.3408355498601456,1.742218974085032,6.4063027307293,0.0002820073876079743,950,950,631837
between,council land,no_car_share,0.8603775883873616,0.3117279939849564,2.374665121140759,0.7715654703317967,950,950,631837
between,council land,flat_share,0.829324961728728,0.47196674768440533,1.4572634523952963,0.5152415419110197,950,950,631837
between,council land,student_share,1.2939875798349778,0.7945149271560537,2.107454246027409,0.30035819781454975,950,950,631837
between,council land,hh_deprived_2plus_share,0.7512322802880621,0.40050868840449716,1.4090828870529557,0.37274286244915134,950,950,631837
between,council land,churn_rate,0.534835505164115,0.2953821591334624,0.9684031643052238,0.03882875955177667,950,950,631837
between,council land,log_density,1.2364797255798397,0.8830377564622012,1.73138928724328,0.21652525789055344,950,950,631837
between,private and residential land,t_hwrc_mean,0.6855950211585965,0.49594624707118434,0.9477650769882534,0.022329142101610522,950,950,45791
between,private and residential land,t_transfer_mean,0.407443466845604,0.213290318402208,0.7783296490847483,0.006550259393070634,950,950,45791
between,private and residential land,t_landfill_mean,0.8548775664742488,0.695913887129339,1.050152421408869,0.13522892691281796,950,950,45791
between,private and residential land,private_rent_share,2.2813718631380095,1.1846872494386327,4.39327559267987,0.013628385365893614,950,950,45791
between,private and residential land,social_rent_share,1.0931631913974904,0.5556528440484967,2.150633755996843,0.7964037992603423,950,950,45791
between,private and residential land,no_car_share,1.3757988170970632,0.595598318012878,3.1780183521014442,0.4551343377250656,950,950,45791
between,private and residential land,flat_share,0.5735284626720751,0.32419407789595095,1.0146233997542806,0.05611765437098737,950,950,45791
between,private and residential land,student_share,0.35263628744259295,0.20460501312721321,0.6077678612106096,0.00017476150834871973,950,950,45791
between,private and residential land,hh_deprived_2plus_share,0.8924617905228763,0.5054180512266933,1.575899486791485,0.6949257252816325,950,950,45791
between,private and residential land,churn_rate,1.4155852227500512,0.8718947025791985,2.2983067989064763,0.15984973615075182,950,950,45791
between,private and residential land,log_density,0.8669327148927278,0.6379052251110416,1.1781880796170743,0.3615965822794478,950,950,45791
between,agricultural land,t_hwrc_mean,0.5502543214787751,0.36811565459117873,0.8225127470939203,0.003583262139367216,950,950,12305
between,agricultural land,t_transfer_mean,0.5728490489979193,0.21410263317882222,1.5327043300011123,0.2671936281692411,950,950,12305
between,agricultural land,t_landfill_mean,0.7883615250137466,0.5813544343249316,1.0690791321540392,0.1259737077095333,950,950,12305
between,agricultural land,private_rent_share,2.1913286451668177,0.9046956311565976,5.307775417230301,0.08219320362744775,950,950,12305
between,agricultural land,social_rent_share,2.5342503809061165,0.8178949826342689,7.8523834104441,0.10704700022176938,950,950,12305
between,agricultural land,no_car_share,1.0924156911239564,0.4018738612037227,2.9695189396975312,0.862458210054049,950,950,12305
between,agricultural land,flat_share,0.37142405694190855,0.18787045626435395,0.7343135946881792,0.004398844346665598,950,950,12305
between,agricultural land,student_share,0.3385300187502836,0.15483940030023824,0.7401383199163104,0.0066475519772923874,950,950,12305
between,agricultural land,hh_deprived_2plus_share,1.2068488734940568,0.6781693412416351,2.1476703750530084,0.5225928361663019,950,950,12305
between,agricultural land,churn_rate,2.2949910510812206,1.1746475200005122,4.483884599305661,0.015054722493389017,950,950,12305
between,agricultural land,log_density,0.5116361121765421,0.27992942831887874,0.9351339473495185,0.02940877912580575,950,950,12305
