year,all_per_1000,no_recording_change_per_1000,no_step_per_1000,large_loads,total,large_per_100k,councils_no_step,councils,councils_no_recording_change,wales_per_1000
2012,13.199,13.335,13.533,16154.0,706239.0,30.191,223,296,255,11.357
2013,15.725,15.791,15.285,21989.0,847856.0,40.782,223,296,255,10.724
2014,16.459,16.114,15.275,24666.0,894871.0,45.367,223,296,255,10.317
2015,14.969,13.758,13.721,23562.0,820428.0,42.99,223,296,255,11.799
2016,16.866,16.055,16.371,27440.0,932499.0,49.63,223,296,255,12.545
2017,16.088,15.787,15.902,32799.0,894789.0,58.97,223,296,255,11.499
2018,16.877,16.234,16.434,35915.0,943846.0,64.22,223,296,255,11.374
2019,17.424,16.168,16.285,30882.0,979728.0,54.921,223,296,255,10.862
2020,20.21,18.679,18.55,38260.0,1138347.0,67.926,223,296,255,13.23
2021,19.064,17.762,17.346,36595.0,1078172.0,64.707,223,296,255,13.309
2022,18.955,17.458,16.822,41952.0,1084044.0,73.356,223,296,255,12.721
2023,19.876,18.379,17.551,46508.0,1152632.0,80.199,223,296,255,13.324
2024,21.454,20.146,19.366,51758.0,1257357.0,88.313,223,296,255,15.22
