domain,year,timestamp,url,page_kind,read,chars,n_snippets
leeds.gov.uk,2014,20140624014232,leeds.gov.uk:80/residents/pages/council-tax-charges-and-bands.aspx,rules,True,11462,14
leeds.gov.uk,2014,20140611090242,leeds.gov.uk:80/carriageworks/pages/book-tickets.aspx,rules,True,2994,7
leeds.gov.uk,2014,20140523190730,leeds.gov.uk:80/residents/pages/leedspermitscheme.aspx,rules,True,3207,18
leeds.gov.uk,2014,20140715112201,leeds.gov.uk:80/residents/pages/kirkstall%20recycling%20site.aspx,site,True,3893,12
leeds.gov.uk,2014,20140721132819,leeds.gov.uk:80/residents/pages/meanwoodroadrecyclingsite.aspx,site,True,3383,11
leeds.gov.uk,2014,20140526035305,leeds.gov.uk:80/residents/pages/yeadon(milnersroad)recyclingsite.aspx,site,True,3298,13
leeds.gov.uk,2014,20140714045017,leeds.gov.uk:80/residents/pages/wetherby(thorparch)recyclingsite.aspx,site,True,3154,13
leeds.gov.uk,2014,20140729095215,leeds.gov.uk:80/residents/pages/pudseyrecyclingsite.aspx,site,True,3370,13
leeds.gov.uk,2014,20140702105138,leeds.gov.uk:80/residents/pages/middleton(holmewellroad)recyclingsite.aspx,site,True,3414,13
leeds.gov.uk,2014,20140401090235,leeds.gov.uk/residents/pages/yeadon(milnersroad)recyclingsite.aspx,site,True,3298,13
leeds.gov.uk,2014,20140401080722,leeds.gov.uk/residents/pages/wetherby(thorparch)recyclingsite.aspx,site,True,3313,13
leeds.gov.uk,2014,20140401091327,leeds.gov.uk/residents/pages/otley(ellarghyll)recyclingsite.aspx,site,True,3232,12
leeds.gov.uk,2014,20140401090129,leeds.gov.uk/residents/pages/pudseyrecyclingsite.aspx,site,True,3274,13
leeds.gov.uk,2014,20140401080955,leeds.gov.uk/residents/pages/middleton(holmewellroad)recyclingsite.aspx,site,True,3337,13
leeds.gov.uk,2014,20140401083715,leeds.gov.uk/residents/pages/kirkstall%20recycling%20site.aspx,site,True,3810,12
leeds.gov.uk,2015,20150709173851,leeds.gov.uk:80/residents/pages/leedspermitscheme.aspx,rules,True,8386,32
leeds.gov.uk,2015,20150731075722,leeds.gov.uk:80/residents/pages/council-tax-charges-and-bands.aspx,rules,True,8253,5
leeds.gov.uk,2015,20150704023331,leeds.gov.uk:80/residents/pages/parking-charges.aspx,rules,True,2720,6
leeds.gov.uk,2015,20150721070848,leeds.gov.uk:80/residents/pages/yeadon(milnersroad)recyclingsite.aspx,site,True,3067,12
leeds.gov.uk,2015,20150705075349,leeds.gov.uk:80/residents/pages/meanwoodroadrecyclingsite.aspx,site,True,3100,12
leeds.gov.uk,2015,20150717055222,leeds.gov.uk:80/residents/pages/kirkstall%20recycling%20site.aspx,site,True,4336,13
leeds.gov.uk,2015,20150702074720,leeds.gov.uk:80/residents/pages/middleton(holmewellroad)recyclingsite.aspx,site,True,3090,12
leeds.gov.uk,2015,20150708063632,leeds.gov.uk:80/residents/pages/wetherby(thorparch)recyclingsite.aspx,site,True,3090,12
leeds.gov.uk,2015,20150709064625,leeds.gov.uk:80/residents/pages/otley(ellarghyll)recyclingsite.aspx,site,True,2972,12
leeds.gov.uk,2015,20150316201517,leeds.gov.uk/residents/pages/wetherby(thorparch)recyclingsite.aspx,site,True,3128,12
leeds.gov.uk,2015,20150316212348,leeds.gov.uk/residents/pages/pudseyrecyclingsite.aspx,site,True,3075,12
leeds.gov.uk,2015,20150316205138,leeds.gov.uk/residents/pages/kirkstall%20recycling%20site.aspx,site,True,3646,12
leeds.gov.uk,2016,20160708202529,leeds.gov.uk:80/residents/pages/council-tax-charges-and-bands.aspx,rules,True,8934,6
leeds.gov.uk,2016,20160715034036,leeds.gov.uk:80/council/pages/permitted-development---do-i-need-planning-permissin.aspx,rules,True,5067,2
leeds.gov.uk,2016,20160717125455,leeds.gov.uk:80/residents/pages/residentsparkingpermits.aspx,rules,True,9124,26
leeds.gov.uk,2016,20160715163848,leeds.gov.uk:80/residents/pages/meanwoodroadrecyclingsite.aspx,site,True,3097,12
leeds.gov.uk,2016,20160720072844,leeds.gov.uk:80/residents/pages/kirkstall%20recycling%20site.aspx,site,True,4606,12
leeds.gov.uk,2016,20160724060554,leeds.gov.uk:80/residents/pages/pudseyrecyclingsite.aspx,site,True,3075,12
leeds.gov.uk,2016,20160717134921,leeds.gov.uk:80/residents/pages/otley(ellarghyll)recyclingsite.aspx,site,True,2980,11
leeds.gov.uk,2016,20160715163852,leeds.gov.uk:80/residents/pages/yeadon(milnersroad)recyclingsite.aspx,site,True,3072,12
leeds.gov.uk,2016,20160621155721,leeds.gov.uk:80/residents/pages/wetherby(thorparch)recyclingsite.aspx,site,True,3099,12
leeds.gov.uk,2016,20160708031244,leeds.gov.uk:80/residents/pages/middleton(holmewellroad)recyclingsite.aspx,site,True,3122,12
leeds.gov.uk,2016,20160407203129,leeds.gov.uk/residents/pages/kirkstall%20recycling%20site.aspx,site,True,4526,11
leeds.gov.uk,2016,20160408154525,leeds.gov.uk/residents/pages/meanwoodroadrecyclingsite.aspx,site,True,3139,12
leeds.gov.uk,2017,20170704041522,leeds.gov.uk:80/residents/pages/leedspermitscheme.aspx,rules,True,9336,35
leeds.gov.uk,2017,20170705175256,leeds.gov.uk:80/c/pages/icecube/school-bookings.aspx,rules,True,2328,3
leeds.gov.uk,2017,20170606081054,leeds.gov.uk:80/leisure/pages/booking-parks.aspx,rules,True,3517,4
leeds.gov.uk,2017,20170709113058,leeds.gov.uk:80/residents/pages/kirkstall%20recycling%20site.aspx,site,True,4948,14
leeds.gov.uk,2017,20170725192330,leeds.gov.uk:80/residents/pages/middleton(holmewellroad)recyclingsite.aspx,site,True,3275,11
leeds.gov.uk,2017,20170705181744,leeds.gov.uk:80/residents/pages/pudseyrecyclingsite.aspx,site,True,3104,10
leeds.gov.uk,2017,20170704033040,leeds.gov.uk:80/residents/pages/wetherby(thorparch)recyclingsite.aspx,site,True,3103,10
leeds.gov.uk,2017,20170706002105,leeds.gov.uk:80/residents/pages/meanwoodroadrecyclingsite.aspx,site,True,3195,10
leeds.gov.uk,2017,20170508041139,leeds.gov.uk:80/residents/pages/otley(ellarghyll)recyclingsite.aspx,site,True,2952,10
leeds.gov.uk,2017,20170630165655,leeds.gov.uk/residents/pages/yeadon(milnersroad)recyclingsite.aspx,site,True,3076,10
leeds.gov.uk,2017,20170630174311,leeds.gov.uk/residents/pages/otley(ellarghyll)recyclingsite.aspx,site,True,2957,10
leeds.gov.uk,2017,20170508041204,leeds.gov.uk:80/residents/pages/yeadon(milnersroad)recyclingsite.aspx,site,True,3071,10
leeds.gov.uk,2018,20180703170455,news.leeds.gov.uk/final-chance-to-comment-on-a-clean-air-charging-zone-for-leeds,rules,True,11172,21
leeds.gov.uk,2018,20180309155345,librarybookings.leeds.gov.uk,rules,True,657,1
leeds.gov.uk,2018,20180123132827,leeds.gov.uk:80/bitmo/pages/christmas-opening-hours.aspx,rules,True,2353,6
leeds.gov.uk,2018,20180103032438,leeds.gov.uk:80/residents/pages/meanwoodroadrecyclingsite.aspx,site,True,3490,12
leeds.gov.uk,2018,20180105081319,leeds.gov.uk:80/residents/pages/kirkstall%20recycling%20site.aspx,site,True,5021,14
leeds.gov.uk,2018,20180121053517,leeds.gov.uk:80/residents/pages/wetherby(thorparch)recyclingsite.aspx,site,True,3178,10
leeds.gov.uk,2018,20180121052958,leeds.gov.uk:80/residents/pages/otley(ellarghyll)recyclingsite.aspx,site,True,3054,10
leeds.gov.uk,2018,20180121052740,leeds.gov.uk:80/residents/pages/yeadon(milnersroad)recyclingsite.aspx,site,True,3158,10
leeds.gov.uk,2018,20180103031942,leeds.gov.uk:80/residents/pages/middleton(holmewellroad)recyclingsite.aspx,site,True,3268,11
leeds.gov.uk,2019,20190821074112,news.leeds.gov.uk/major-improvements-for-recycling-centre,list,True,4647,9
leeds.gov.uk,2019,20190719022308,librarybookings.leeds.gov.uk,rules,True,676,1
leeds.gov.uk,2019,20190601144733,leeds.gov.uk/business/environmental-health-for-business/air-quality/minimum-emissions-standards-clean-air-charging-zone,rules,True,7442,10
leeds.gov.uk,2019,20190825235611,leeds.gov.uk/business/environmental-health-for-business/air-quality/support-for-taxis-and-private-hire-clean-air-charging-zone,rules,True,84,0
leeds.gov.uk,2019,20190717112627,leeds.gov.uk/residents/bins-and-recycling/recycling-sites/pudsey-grangefield-household-waste-sorting-site,site,True,83,0
leeds.gov.uk,2019,20190717111122,leeds.gov.uk/residents/bins-and-recycling/recycling-sites/meanwood-road-household-waste-sorting-site,site,True,83,0
leeds.gov.uk,2019,20191120011447,leeds.gov.uk/residents/bins-and-recycling/recycling-sites/kirkstall-road-household-waste-sorting-site,site,True,85,0
leeds.gov.uk,2019,20190917192250,news.leeds.gov.uk/green-fingered-volunteers-help-otley-recycling-site-leap-to-national-gardening-competition-final,site,True,4972,6
leeds.gov.uk,2020,20200927135227,news.leeds.gov.uk/news/major-improvements-for-recycling-centre,list,True,3941,8
leeds.gov.uk,2020,20200507113825,news.leeds.gov.uk/news/update-regarding-potential-reopening-of-leeds-household-waste-and-recycling-centres,list,True,3836,4
leeds.gov.uk,2020,20200629170709,leeds.gov.uk/business/environmental-health-for-business/air-quality/minimum-emissions-standards-clean-air-charging-zone,rules,True,5944,11
leeds.gov.uk,2020,20200730054812,leeds.gov.uk/business/environmental-health-for-business/air-quality/exempt-vehicles-clean-air-charging-zone,rules,True,12212,20
leeds.gov.uk,2020,20200730062649,leeds.gov.uk/business/environmental-health-for-business/air-quality/support-for-buses-coaches-and-hgvs-clean-air-charging-zone,rules,True,10841,10
leeds.gov.uk,2020,20200811081129,leeds.gov.uk/residents/bins-and-recycling/recycling-sites/pudsey-grangefield-household-waste-sorting-site,site,True,84,0
leeds.gov.uk,2020,20200519020024,leeds.gov.uk/residents/bins-and-recycling/recycling-sites/kirkstall-road-household-waste-sorting-site,site,True,5893,13
leeds.gov.uk,2020,20200518080719,leeds.gov.uk/residents/bins-and-recycling/recycling-sites/meanwood-road-household-waste-sorting-site,site,True,4556,11
leeds.gov.uk,2021,20210617025513,news.leeds.gov.uk/news/update-regarding-potential-reopening-of-leeds-household-waste-and-recycling-centres,list,True,3743,4
leeds.gov.uk,2021,20210726123830,leeds.gov.uk/residents/bins-and-recycling/waste-permit-scheme,rules,True,1,0
leeds.gov.uk,2021,20210612121053,librarybookings.leeds.gov.uk,rules,True,726,1
leeds.gov.uk,2021,20210618091632,observatory.leeds.gov.uk/leeds-poverty-fact-book,rules,True,10975,11
leeds.gov.uk,2021,20210506202846,leeds.gov.uk/residents/bins-and-recycling/recycling-sites/pudsey-grangefield-household-waste-sorting-site,site,True,1,0
leeds.gov.uk,2021,20211025035953,leeds.gov.uk/residents/bins-and-recycling/recycling-sites/meanwood-road-household-waste-sorting-site,site,True,84,0
leeds.gov.uk,2021,20210920172726,leeds.gov.uk/residents/pages/wetherby(thorparch)recyclingsite.aspx,site,True,85,0
leeds.gov.uk,2021,20211025034323,leeds.gov.uk/residents/bins-and-recycling/recycling-sites/kirkstall-road-household-waste-sorting-site,site,True,84,0
leeds.gov.uk,2021,20211202011302,leeds.gov.uk/residents/pages/middleton%28holmewellroad%29recyclingsite.aspx,site,True,85,0
leeds.gov.uk,2021,20211202011026,leeds.gov.uk/residents/pages/kirkstall%20recycling%20site.aspx,site,True,85,0
leeds.gov.uk,2021,20210128073232,news.leeds.gov.uk/resources/kirkstall20recycling20site20335x165,site,True,717,1
leeds.gov.uk,2022,20220816013632,news.leeds.gov.uk/news/update-regarding-potential-reopening-of-leeds-household-waste-and-recycling-centres,list,True,3743,4
leeds.gov.uk,2022,20220701035132,leeds.gov.uk/residents/bins-and-recycling/book-an-unwanted-items-collection,rules,True,85,0
leeds.gov.uk,2022,20220701174222,librarybookings.leeds.gov.uk,rules,True,714,1
leeds.gov.uk,2022,20221018143620,leeds.gov.uk/residents/bins-and-recycling/recycling-sites/waste-disposal-charges,rules,True,1,0
leeds.gov.uk,2022,20220528193226,leeds.gov.uk/residents/bins-and-recycling/recycling-sites/meanwood-road-household-waste-sorting-site,site,True,85,0
leeds.gov.uk,2022,20220522140305,leeds.gov.uk/residents/pages/wetherby(thorparch)recyclingsite.aspx,site,True,85,0
leeds.gov.uk,2022,20220705215217,leeds.gov.uk/residents/pages/middleton(holmewellroad)recyclingsite.aspx,site,True,85,0
leeds.gov.uk,2022,20220528192319,leeds.gov.uk/residents/bins-and-recycling/recycling-sites/kirkstall-road-household-waste-sorting-site,site,True,85,0
leeds.gov.uk,2022,20220528081642,leeds.gov.uk/residents/pages/middleton%28holmewellroad%29recyclingsite.aspx,site,True,86,0
leeds.gov.uk,2022,20220705165320,leeds.gov.uk/residents/bins-and-recycling/recycling-sites/pudsey-grangefield-household-waste-sorting-site,site,True,85,0
leeds.gov.uk,2022,20220705054357,leeds.gov.uk/residents/pages/yeadon(milnersroad)recyclingsite.aspx,site,True,85,0
leeds.gov.uk,2022,20220119144325,leeds.gov.uk/residents/pages/pudseyrecyclingsite.aspx,site,True,84,0
leeds.gov.uk,2022,20220814030555,museumsandgalleries.leeds.gov.uk/product-category/exhibitions-and-collections/kirkstall-abbey,site,True,9221,19
leeds.gov.uk,2022,20220705061505,leeds.gov.uk/residents/pages/meanwoodroadrecyclingsite.aspx,site,True,84,0
leeds.gov.uk,2023,20231110110046,active.leeds.gov.uk/filter/tips,list,True,3319,1
leeds.gov.uk,2023,20231216012144,jobs.leeds.gov.uk/filter/tips,list,True,3111,0
leeds.gov.uk,2023,20230703104935,museumsandgalleries.leeds.gov.uk/news/new-chapter-as-monks-historic-book-returns-to-abbey,rules,True,14315,29
leeds.gov.uk,2023,20230528033817,observatory.leeds.gov.uk/leeds-poverty-fact-book,rules,True,10498,10
leeds.gov.uk,2023,20230506225432,leeds.gov.uk/parking-roads-and-travel/parking/ultra-low-emission-vehicle-permits,rules,True,1,0
leeds.gov.uk,2023,20230531012435,leeds.gov.uk/residents/bins-and-recycling/recycling-sites/pudsey-grangefield-household-waste-sorting-site,site,True,85,0
leeds.gov.uk,2023,20231129160116,leeds.gov.uk/pages/middleton%28holmewellroad%29recyclingsite.aspx,site,True,4132,9
leeds.gov.uk,2023,20230328180944,leeds.gov.uk/residents/pages/wetherby(thorparch)recyclingsite.aspx,site,True,84,0
leeds.gov.uk,2023,20230530234125,leeds.gov.uk/residents/bins-and-recycling/recycling-sites/kirkstall-road-household-waste-sorting-site,site,True,85,0
leeds.gov.uk,2023,20231207133059,leeds.gov.uk/pages/wetherby(thorparch)recyclingsite.aspx,site,True,4128,10
leeds.gov.uk,2023,20230328184842,leeds.gov.uk/residents/pages/middleton%28holmewellroad%29recyclingsite.aspx,site,True,83,0
leeds.gov.uk,2024,20240610092517,news.leeds.gov.uk/news/update-regarding-potential-reopening-of-leeds-household-waste-and-recycling-centres,list,True,3743,4
leeds.gov.uk,2024,20241216224336,cfl.leeds.gov.uk/filter/tips,list,True,1624,0
leeds.gov.uk,2024,20240716101315,librarybookings.leeds.gov.uk,rules,True,737,1
leeds.gov.uk,2024,20240716112128,leeds.gov.uk/residents/bins-and-recycling/book-an-unwanted-items-collection,rules,True,8942,16
leeds.gov.uk,2024,20240624061757,leeds.gov.uk/births-deaths-and-marriages/ceremonies/booking-a-ceremony,rules,True,9094,19
leeds.gov.uk,2024,20240715140124,leeds.gov.uk/residents/bins-and-recycling/recycling-sites/meanwood-road-household-waste-sorting-site,site,True,4350,9
leeds.gov.uk,2024,20240718230716,leeds.gov.uk/residents/bins-and-recycling/recycling-sites/kirkstall-road-household-waste-sorting-site,site,True,5534,12
leeds.gov.uk,2024,20240613035733,leeds.gov.uk/pages/middleton(holmewellroad)recyclingsite.aspx,site,True,4721,9
leeds.gov.uk,2024,20240422122809,leeds.gov.uk/pages/yeadon(milnersroad)recyclingsite.aspx,site,True,4147,10
leeds.gov.uk,2024,20240304025601,leeds.gov.uk/residents/bins-and-recycling/recycling-sites/pudsey-grangefield-household-waste-sorting-site,site,True,485,0
leeds.gov.uk,2024,20240422133539,leeds.gov.uk/pages/meanwoodroadrecyclingsite.aspx,site,True,485,0
leeds.gov.uk,2024,20240916164739,leeds.gov.uk/residents/pages/kirkstall%20recycling%20site.aspx,site,True,485,0
leeds.gov.uk,2024,20241007025515,leeds.gov.uk/pages/wetherby(thorparch)recyclingsite.aspx,site,True,485,0
leeds.gov.uk,2024,20240615030901,museumsandgalleries.leeds.gov.uk/product-category/exhibitions-and-collections/kirkstall-abbey,site,True,9251,20
leeds.gov.uk,2025,20250811145236,news.leeds.gov.uk/news/update-regarding-potential-reopening-of-leeds-household-waste-and-recycling-centres,list,True,3737,4
leeds.gov.uk,2025,20250405164540,civicenterprise.leeds.gov.uk/filter/tips,list,True,1449,0
leeds.gov.uk,2025,20250710001300,leeds.gov.uk/births-deaths-and-marriages/ceremonies/booking-a-ceremony,rules,True,7883,17
leeds.gov.uk,2025,20250710001300,leeds.gov.uk/council-tax/bands-and-charges,rules,True,2528,5
leeds.gov.uk,2025,20250712010949,librarybookings.leeds.gov.uk,rules,True,737,1
leeds.gov.uk,2025,20250804081349,leeds.gov.uk/bins-and-recycling/recycling-sites/seacroft-household-waste-sorting-site,site,True,5817,11
leeds.gov.uk,2025,20250917152125,leeds.gov.uk/bins-and-recycling/recycling-sites/pudsey-household-waste-sorting-site,site,True,4852,8
leeds.gov.uk,2025,20250424125652,leeds.gov.uk/bins-and-recycling/recycling-sites/kirkstall-road-household-waste-sorting-site,site,True,6031,11
leeds.gov.uk,2025,20250525022754,leeds.gov.uk/bins-and-recycling/recycling-sites/otley-household-waste-sorting-site,site,True,4427,9
leeds.gov.uk,2025,20250713165018,leeds.gov.uk/bins-and-recycling/recycling-sites/wetherby-household-waste-sorting-site,site,True,5014,10
leeds.gov.uk,2025,20250617203850,leeds.gov.uk/bins-and-recycling/recycling-sites/yeadon-household-waste-sorting-site,site,True,4971,10
leeds.gov.uk,2025,20250123061902,leeds.gov.uk/pages/middleton(holmewellroad)recyclingsite.aspx,site,True,6068,9
leeds.gov.uk,2025,20250917144610,leeds.gov.uk/residents/pages/middleton(holmewellroad)recyclingsite.aspx,site,True,485,0
